temperature_liquid,co2,ph,fermentation_stage
27.07,1477,3.48,MATANG
26.27,400,6.46,BELUM_FERMENTASI
29.43,2229,4.14,FERMENTASI_AKTIF
30.92,2177,4.18,FERMENTASI_AKTIF
27.63,1651,5.04,FERMENTASI_AKTIF
31.28,971,5.07,FERMENTASI_AKTIF
28.35,1560,5.1,FERMENTASI_AKTIF
25.64,1437,3.66,FERMENTASI_LANJUT
25.75,677,6.7,BELUM_FERMENTASI
31.0,1210,4.38,FERMENTASI_AKTIF
28.2,843,6.59,BELUM_FERMENTASI
26.58,1725,4.33,FERMENTASI_AKTIF
26.68,2030,4.64,FERMENTASI_AKTIF
25.44,874,5.44,FERMENTASI_AWAL
27.11,478,6.31,BELUM_FERMENTASI
24.7,680,6.47,BELUM_FERMENTASI
28.62,877,6.01,FERMENTASI_AWAL
27.13,400,6.2,BELUM_FERMENTASI
26.08,2027,3.72,FERMENTASI_LANJUT
29.25,1238,3.53,MATANG
27.03,1361,5.99,FERMENTASI_AWAL
29.37,1722,4.01,FERMENTASI_LANJUT
28.29,1593,3.99,MATANG
25.58,1551,4.77,FERMENTASI_AKTIF
29.06,1143,3.68,MATANG
29.0,809,7.14,BELUM_FERMENTASI
28.6,1371,5.01,FERMENTASI_AKTIF
26.4,1043,4.48,FERMENTASI_AKTIF
28.05,991,5.58,FERMENTASI_AWAL
28.32,827,6.84,BELUM_FERMENTASI
30.27,674,5.91,FERMENTASI_AWAL
26.93,1457,4.28,FERMENTASI_AKTIF
30.15,1060,5.37,FERMENTASI_AWAL
27.24,1537,4.86,FERMENTASI_AKTIF
28.06,2081,4.26,FERMENTASI_AKTIF
27.54,907,5.01,FERMENTASI_AWAL
24.76,1395,4.2,FERMENTASI_LANJUT
28.33,1016,5.02,FERMENTASI_AKTIF
28.47,1006,4.01,FERMENTASI_AKTIF
29.53,815,6.13,BELUM_FERMENTASI
28.8,496,5.89,BELUM_FERMENTASI
28.94,1082,3.73,MATANG
26.69,625,6.93,BELUM_FERMENTASI
26.9,1238,6.03,FERMENTASI_AWAL
28.27,2656,3.6,FERMENTASI_LANJUT
28.6,976,5.38,FERMENTASI_AWAL
24.56,932,5.76,FERMENTASI_AWAL
30.24,1194,5.46,FERMENTASI_AWAL
28.37,664,6.37,BELUM_FERMENTASI
25.76,2107,3.98,FERMENTASI_LANJUT
30.53,1840,3.88,FERMENTASI_LANJUT
25.25,764,6.3,BELUM_FERMENTASI
26.99,1183,4.86,FERMENTASI_AKTIF
26.54,683,6.26,BELUM_FERMENTASI
30.99,1591,5.24,FERMENTASI_AKTIF
30.58,1259,4.01,FERMENTASI_LANJUT
28.15,1691,4.5,FERMENTASI_AKTIF
28.44,1503,4.14,FERMENTASI_LANJUT
30.12,1400,5.08,FERMENTASI_AKTIF
27.24,641,6.2,BELUM_FERMENTASI
27.13,1581,4.2,FERMENTASI_AKTIF
27.37,1103,6.03,FERMENTASI_AWAL
26.0,1508,3.6,FERMENTASI_LANJUT
25.51,1768,4.22,FERMENTASI_AKTIF
30.02,2069,3.36,MATANG
26.81,1984,3.62,FERMENTASI_LANJUT
27.42,1918,4.74,FERMENTASI_AKTIF
28.6,2739,3.76,FERMENTASI_LANJUT
24.27,744,6.21,BELUM_FERMENTASI
24.65,2109,5.32,FERMENTASI_AKTIF
28.1,1588,5.1,FERMENTASI_AKTIF
28.33,627,6.74,BELUM_FERMENTASI
27.94,1015,4.43,FERMENTASI_AKTIF
31.61,1046,4.13,FERMENTASI_AKTIF
27.53,756,5.19,FERMENTASI_AWAL
28.84,540,7.02,BELUM_FERMENTASI
29.5,1981,3.39,FERMENTASI_LANJUT
26.16,1092,5.7,FERMENTASI_AWAL
29.86,529,6.58,BELUM_FERMENTASI
28.51,1591,3.31,FERMENTASI_LANJUT
25.89,429,6.54,BELUM_FERMENTASI
28.83,1035,5.59,FERMENTASI_AWAL
30.35,1653,4.51,FERMENTASI_AKTIF
26.94,1272,3.69,FERMENTASI_LANJUT
28.78,2455,3.93,FERMENTASI_LANJUT
28.99,907,4.44,FERMENTASI_AKTIF
29.73,2716,3.77,FERMENTASI_LANJUT
28.13,1107,5.95,FERMENTASI_AWAL
24.25,702,6.27,BELUM_FERMENTASI
28.08,2449,3.95,FERMENTASI_LANJUT
29.37,2045,3.43,FERMENTASI_LANJUT
29.54,2104,3.78,FERMENTASI_LANJUT
26.82,766,6.78,BELUM_FERMENTASI
28.57,689,6.91,BELUM_FERMENTASI
25.9,1573,3.51,MATANG
27.26,1855,4.14,FERMENTASI_LANJUT
26.83,906,5.69,FERMENTASI_AWAL
29.82,1313,4.47,FERMENTASI_AKTIF
30.93,1987,4.09,FERMENTASI_LANJUT
28.88,2162,3.87,MATANG
26.86,933,5.15,FERMENTASI_AKTIF
30.87,1520,4.45,FERMENTASI_AKTIF
27.68,710,5.72,FERMENTASI_AWAL
27.92,1896,4.87,FERMENTASI_AKTIF
25.27,706,6.08,BELUM_FERMENTASI
29.8,1075,5.29,FERMENTASI_AWAL
26.99,1209,6.01,FERMENTASI_AWAL
25.24,560,7.19,BELUM_FERMENTASI
27.44,1254,5.58,FERMENTASI_AWAL
30.71,788,6.17,FERMENTASI_AWAL
28.82,1313,5.9,FERMENTASI_AWAL
29.31,1372,4.24,FERMENTASI_AKTIF
25.08,1436,4.49,FERMENTASI_AKTIF
26.12,1537,3.91,FERMENTASI_LANJUT
27.74,1146,5.36,FERMENTASI_AWAL
29.83,457,6.81,BELUM_FERMENTASI
25.74,2148,4.76,FERMENTASI_AKTIF
28.14,1510,4.96,FERMENTASI_AKTIF
28.91,857,6.52,BELUM_FERMENTASI
28.66,1819,3.81,FERMENTASI_LANJUT
30.53,2070,3.45,FERMENTASI_LANJUT
28.86,1121,4.69,FERMENTASI_AKTIF
27.0,1614,4.36,FERMENTASI_AKTIF
26.15,904,5.05,FERMENTASI_AWAL
26.34,587,6.69,BELUM_FERMENTASI
28.92,1540,3.62,FERMENTASI_LANJUT
26.5,818,5.66,FERMENTASI_AWAL
29.61,837,5.2,FERMENTASI_AWAL
27.01,1681,5.3,FERMENTASI_AKTIF
25.48,400,6.83,BELUM_FERMENTASI
23.72,1039,3.41,MATANG
27.67,1649,3.74,MATANG
26.81,1327,6.23,FERMENTASI_AWAL
28.75,966,5.48,FERMENTASI_AWAL
25.56,1210,5.3,FERMENTASI_AWAL
30.41,2102,4.09,FERMENTASI_AKTIF
25.72,2172,3.43,MATANG
27.3,1205,3.71,MATANG
29.11,1424,4.16,FERMENTASI_LANJUT
29.85,1631,4.0,FERMENTASI_LANJUT
29.92,1850,4.22,FERMENTASI_AKTIF
26.12,854,6.56,BELUM_FERMENTASI
29.54,1454,4.24,FERMENTASI_LANJUT
30.77,486,6.15,FERMENTASI_AWAL
27.3,1671,3.33,FERMENTASI_LANJUT
29.51,1163,5.9,FERMENTASI_AWAL
27.03,680,5.44,FERMENTASI_AWAL
29.65,1853,5.01,FERMENTASI_AKTIF
28.75,624,6.86,BELUM_FERMENTASI
25.75,829,6.94,BELUM_FERMENTASI
27.18,1822,3.91,FERMENTASI_LANJUT
30.0,2057,4.59,FERMENTASI_AKTIF
29.88,674,5.52,FERMENTASI_AWAL
29.15,2010,4.27,FERMENTASI_AKTIF
28.66,400,6.54,BELUM_FERMENTASI
27.61,677,5.94,BELUM_FERMENTASI
26.43,1245,6.21,FERMENTASI_AWAL
27.85,3053,4.05,FERMENTASI_LANJUT
29.48,684,5.75,FERMENTASI_AWAL
27.7,2185,3.83,FERMENTASI_LANJUT
27.95,995,5.27,FERMENTASI_AWAL
29.73,450,5.49,FERMENTASI_AWAL
26.74,588,7.18,BELUM_FERMENTASI
26.87,1948,4.92,FERMENTASI_AKTIF
26.1,1178,3.25,MATANG
31.48,2121,4.96,FERMENTASI_AKTIF
27.48,2302,4.08,FERMENTASI_LANJUT
25.45,1626,4.88,FERMENTASI_AKTIF
29.73,698,6.78,BELUM_FERMENTASI
29.83,2098,3.94,FERMENTASI_LANJUT
29.32,1660,4.05,FERMENTASI_AKTIF
27.11,1252,6.05,FERMENTASI_AWAL
27.95,1337,3.54,MATANG
28.38,1256,3.43,FERMENTASI_LANJUT
26.61,1138,5.64,FERMENTASI_AWAL
30.4,996,4.24,FERMENTASI_AKTIF
29.25,1219,5.9,FERMENTASI_AWAL
27.3,1380,4.15,FERMENTASI_AKTIF
27.58,1215,5.51,FERMENTASI_AWAL
26.01,2113,4.01,FERMENTASI_LANJUT
25.88,1417,4.81,FERMENTASI_AKTIF
25.19,535,5.09,FERMENTASI_AWAL
26.77,2721,4.23,FERMENTASI_LANJUT
30.77,1956,4.22,FERMENTASI_AKTIF
25.26,885,5.55,FERMENTASI_AWAL
27.87,700,5.73,FERMENTASI_AWAL
25.77,1708,3.21,MATANG
29.7,1519,4.2,FERMENTASI_LANJUT
24.59,1404,4.2,FERMENTASI_AKTIF
27.58,1940,5.09,FERMENTASI_AKTIF
26.18,799,5.66,FERMENTASI_AWAL
25.15,715,5.98,BELUM_FERMENTASI
29.85,1355,4.7,FERMENTASI_AKTIF
29.28,951,6.53,BELUM_FERMENTASI
28.74,858,6.11,BELUM_FERMENTASI
25.35,755,5.84,FERMENTASI_AWAL
27.85,1388,3.97,FERMENTASI_AKTIF
30.41,901,5.28,FERMENTASI_AWAL
25.4,1222,5.0,FERMENTASI_AWAL
30.42,1518,3.82,FERMENTASI_LANJUT
27.16,2097,3.22,MATANG
25.5,1434,5.62,FERMENTASI_AWAL
28.01,789,7.03,BELUM_FERMENTASI
27.95,1157,5.84,FERMENTASI_AWAL
25.89,665,5.92,FERMENTASI_AWAL
26.17,552,6.88,BELUM_FERMENTASI
28.14,1579,5.05,FERMENTASI_AKTIF
30.45,1280,4.77,FERMENTASI_AKTIF
28.93,1633,4.29,FERMENTASI_AKTIF
25.02,622,6.94,BELUM_FERMENTASI
31.18,2661,4.04,FERMENTASI_LANJUT
25.38,614,6.96,BELUM_FERMENTASI
29.53,589,6.16,BELUM_FERMENTASI
26.68,797,6.92,BELUM_FERMENTASI
27.19,898,6.0,FERMENTASI_AWAL
26.67,1557,3.81,FERMENTASI_LANJUT
30.09,1154,4.96,FERMENTASI_AKTIF
25.4,758,6.66,BELUM_FERMENTASI
29.27,1441,5.06,FERMENTASI_AWAL
29.42,1782,4.61,FERMENTASI_AKTIF
28.99,1975,4.78,FERMENTASI_AKTIF
28.19,663,6.69,BELUM_FERMENTASI
26.74,654,5.03,FERMENTASI_AWAL
30.08,1959,4.59,FERMENTASI_AKTIF
24.83,1483,4.08,FERMENTASI_LANJUT
26.83,1461,3.41,MATANG
30.36,869,5.26,FERMENTASI_AWAL
23.7,540,7.01,BELUM_FERMENTASI
26.63,2777,3.5,FERMENTASI_LANJUT
26.76,610,6.01,BELUM_FERMENTASI
28.4,2145,2.99,MATANG
23.54,660,6.44,BELUM_FERMENTASI
25.36,2130,4.05,FERMENTASI_LANJUT
26.15,1650,4.21,FERMENTASI_AKTIF
28.29,2236,3.77,FERMENTASI_LANJUT
28.34,400,6.98,BELUM_FERMENTASI
26.21,1421,5.07,FERMENTASI_AKTIF
25.45,899,5.86,FERMENTASI_AWAL
27.46,1826,4.77,FERMENTASI_AKTIF
28.31,1050,5.99,FERMENTASI_AWAL
26.56,1276,6.12,FERMENTASI_AWAL
30.65,1728,3.51,FERMENTASI_LANJUT
30.18,1118,5.7,FERMENTASI_AWAL
26.96,2102,4.1,FERMENTASI_AKTIF
28.67,810,4.39,FERMENTASI_AKTIF
28.54,643,7.12,BELUM_FERMENTASI
25.98,849,5.81,FERMENTASI_AWAL
27.8,1342,3.07,MATANG
26.41,1201,5.96,FERMENTASI_AWAL
27.53,1660,4.94,FERMENTASI_AKTIF
28.28,1625,4.96,FERMENTASI_AKTIF
24.71,400,6.53,BELUM_FERMENTASI
31.53,1737,5.02,FERMENTASI_AKTIF
29.59,792,5.26,FERMENTASI_AWAL
31.32,1716,4.89,FERMENTASI_AKTIF
26.03,1137,4.4,FERMENTASI_AKTIF
30.54,826,6.09,FERMENTASI_AWAL
26.64,748,5.91,FERMENTASI_AWAL
27.6,1667,3.11,MATANG
29.99,1410,5.11,FERMENTASI_AKTIF
30.76,896,6.56,BELUM_FERMENTASI
25.57,1985,3.94,MATANG
25.14,450,6.38,BELUM_FERMENTASI
30.39,2611,3.53,FERMENTASI_LANJUT
27.93,1702,4.82,FERMENTASI_AKTIF
29.89,2558,3.98,FERMENTASI_LANJUT
29.04,670,6.29,BELUM_FERMENTASI
25.03,437,6.11,BELUM_FERMENTASI
27.82,588,6.33,BELUM_FERMENTASI
29.74,1572,4.92,FERMENTASI_AKTIF
26.05,1865,4.63,FERMENTASI_AKTIF
26.49,1484,3.34,MATANG
31.27,640,5.09,FERMENTASI_AWAL
29.53,1654,4.08,FERMENTASI_LANJUT
29.28,1446,3.1,MATANG
26.24,1924,3.49,MATANG
30.5,837,5.6,FERMENTASI_AWAL
26.68,934,5.11,FERMENTASI_AWAL
30.0,1001,4.13,FERMENTASI_AKTIF
28.63,640,7.05,BELUM_FERMENTASI
28.74,1278,3.2,MATANG
28.77,2126,5.02,FERMENTASI_AKTIF
24.91,823,6.24,FERMENTASI_AWAL
29.47,1742,4.66,FERMENTASI_AKTIF
29.37,1954,4.79,FERMENTASI_AKTIF
27.2,939,5.99,BELUM_FERMENTASI
27.91,806,6.89,BELUM_FERMENTASI
29.92,2427,3.91,FERMENTASI_LANJUT
28.45,735,6.28,BELUM_FERMENTASI
25.86,679,6.35,BELUM_FERMENTASI
26.48,1414,4.71,FERMENTASI_AKTIF
25.74,2264,3.6,FERMENTASI_LANJUT
30.1,2121,4.74,FERMENTASI_AKTIF
25.18,2038,3.41,FERMENTASI_LANJUT
28.23,670,5.14,FERMENTASI_AWAL
27.25,472,6.35,BELUM_FERMENTASI
29.11,776,7.01,BELUM_FERMENTASI
26.96,2629,4.17,FERMENTASI_LANJUT
27.77,1297,3.68,FERMENTASI_LANJUT
29.75,1040,5.78,FERMENTASI_AWAL
26.51,1260,5.73,FERMENTASI_AWAL
24.7,579,6.19,BELUM_FERMENTASI
26.46,2248,3.08,MATANG
30.03,2218,4.35,FERMENTASI_AKTIF
26.93,1256,5.41,FERMENTASI_AWAL
25.47,1212,3.82,MATANG
29.55,1736,4.38,FERMENTASI_AKTIF
25.02,1380,4.55,FERMENTASI_AKTIF
27.01,1589,4.16,FERMENTASI_AKTIF
25.99,658,7.0,BELUM_FERMENTASI
25.85,1392,4.13,FERMENTASI_AKTIF
27.53,1556,4.44,FERMENTASI_LANJUT
27.14,1126,4.84,FERMENTASI_AKTIF
30.6,996,4.36,FERMENTASI_AKTIF
26.65,1499,4.39,FERMENTASI_AKTIF
28.91,961,5.62,FERMENTASI_AWAL
26.33,1982,3.67,FERMENTASI_LANJUT
29.2,2495,3.5,FERMENTASI_LANJUT
28.59,1695,3.75,FERMENTASI_LANJUT
29.54,2371,4.16,FERMENTASI_LANJUT
29.67,653,6.89,BELUM_FERMENTASI
25.5,1873,3.83,FERMENTASI_LANJUT
29.28,551,6.37,BELUM_FERMENTASI
25.97,828,6.57,BELUM_FERMENTASI
30.64,1571,5.23,FERMENTASI_AKTIF
30.29,685,4.97,FERMENTASI_AWAL
27.66,1925,3.54,MATANG
28.18,1181,6.11,FERMENTASI_AWAL
31.43,1543,3.48,FERMENTASI_LANJUT
27.62,1182,5.89,FERMENTASI_AWAL
28.96,1184,5.62,FERMENTASI_AWAL
26.13,1053,5.19,FERMENTASI_AWAL
28.99,1952,4.22,FERMENTASI_LANJUT
27.19,1108,5.93,FERMENTASI_AWAL
27.57,575,6.85,BELUM_FERMENTASI
28.67,1942,3.74,FERMENTASI_LANJUT
27.44,407,7.01,BELUM_FERMENTASI
27.91,640,6.79,BELUM_FERMENTASI
28.81,893,4.41,FERMENTASI_AKTIF
27.06,1275,3.49,FERMENTASI_LANJUT
27.01,1590,4.73,FERMENTASI_AKTIF
25.89,503,7.01,BELUM_FERMENTASI
28.36,2250,3.31,MATANG
27.22,773,5.47,FERMENTASI_AWAL
25.31,1180,5.63,FERMENTASI_AWAL
30.92,2540,4.07,FERMENTASI_LANJUT
26.05,820,6.82,BELUM_FERMENTASI
27.4,2293,2.95,MATANG
25.55,2643,3.62,FERMENTASI_LANJUT
26.08,1247,5.1,FERMENTASI_AKTIF
25.75,780,6.09,BELUM_FERMENTASI
28.01,897,6.13,FERMENTASI_AWAL
30.3,1479,4.89,FERMENTASI_AKTIF
30.12,2491,3.67,FERMENTASI_LANJUT
29.12,513,6.55,BELUM_FERMENTASI
29.41,737,5.65,FERMENTASI_AWAL
26.33,2524,3.83,FERMENTASI_LANJUT
29.9,2553,3.67,FERMENTASI_LANJUT
28.39,1200,4.18,FERMENTASI_AKTIF
28.65,1473,4.69,FERMENTASI_AKTIF
29.03,898,5.58,FERMENTASI_AWAL
24.75,810,6.31,BELUM_FERMENTASI
26.25,843,5.14,FERMENTASI_AWAL
28.76,695,5.94,BELUM_FERMENTASI
30.45,1307,5.41,FERMENTASI_AWAL
29.66,815,5.75,FERMENTASI_AWAL
24.52,1778,3.39,FERMENTASI_LANJUT
26.22,542,6.37,BELUM_FERMENTASI
30.42,1157,4.85,FERMENTASI_AKTIF
24.48,1025,6.51,BELUM_FERMENTASI
27.98,1810,3.18,FERMENTASI_LANJUT
25.52,1642,4.24,FERMENTASI_LANJUT
27.7,448,6.57,BELUM_FERMENTASI
27.44,2250,3.9,FERMENTASI_LANJUT
26.02,1685,3.59,FERMENTASI_LANJUT
27.17,2350,3.7,FERMENTASI_LANJUT
26.63,852,5.23,FERMENTASI_AWAL
25.4,2677,3.95,FERMENTASI_LANJUT
25.49,1562,3.5,MATANG
28.61,1083,4.73,FERMENTASI_AKTIF
31.76,1199,4.09,FERMENTASI_AKTIF
29.26,1044,5.66,FERMENTASI_AWAL
25.96,966,5.56,FERMENTASI_AWAL
25.22,2147,3.19,FERMENTASI_LANJUT
27.27,1292,4.57,FERMENTASI_AKTIF
25.59,846,5.49,FERMENTASI_AWAL
27.12,1159,5.86,FERMENTASI_AWAL
27.37,1843,4.46,FERMENTASI_AKTIF
27.84,769,6.06,FERMENTASI_AWAL
28.23,2904,3.88,FERMENTASI_LANJUT
25.17,1603,4.24,FERMENTASI_LANJUT
27.71,2242,3.83,FERMENTASI_LANJUT
25.69,660,5.22,FERMENTASI_AWAL
30.97,1094,5.81,FERMENTASI_AWAL
29.39,792,4.99,FERMENTASI_AWAL
24.85,1571,4.24,FERMENTASI_AKTIF
29.82,2040,4.46,FERMENTASI_AKTIF
27.9,2818,3.29,FERMENTASI_LANJUT
27.81,653,6.82,BELUM_FERMENTASI
28.08,880,5.66,FERMENTASI_AWAL
27.42,1792,4.49,FERMENTASI_AKTIF
27.5,790,6.95,BELUM_FERMENTASI
27.29,834,5.21,FERMENTASI_AWAL
26.6,1283,6.23,FERMENTASI_AWAL
26.56,764,5.72,FERMENTASI_AWAL
30.79,1518,5.06,FERMENTASI_AKTIF
24.86,1643,3.18,MATANG
30.08,432,6.47,BELUM_FERMENTASI
26.3,1404,4.96,FERMENTASI_AKTIF
29.01,2073,4.57,FERMENTASI_AKTIF
25.91,1234,6.02,FERMENTASI_AWAL
28.84,1367,5.97,FERMENTASI_AWAL
28.2,2167,3.91,FERMENTASI_LANJUT
29.83,1425,4.35,FERMENTASI_AKTIF
29.71,596,6.41,BELUM_FERMENTASI
28.68,1105,4.37,FERMENTASI_AKTIF
27.04,646,6.7,BELUM_FERMENTASI
27.91,658,5.9,BELUM_FERMENTASI
26.57,580,6.31,BELUM_FERMENTASI
26.64,2788,3.38,FERMENTASI_LANJUT
27.32,1104,5.62,FERMENTASI_AWAL
28.58,702,6.8,BELUM_FERMENTASI
29.48,1376,4.67,FERMENTASI_AKTIF
26.27,1284,5.98,FERMENTASI_AWAL
26.27,1852,4.78,FERMENTASI_AKTIF
26.18,1878,4.12,FERMENTASI_LANJUT
29.13,1227,4.72,FERMENTASI_AKTIF
29.62,939,5.04,FERMENTASI_AKTIF
30.95,1839,4.1,FERMENTASI_AKTIF
27.58,1793,4.95,FERMENTASI_AKTIF
25.91,1017,5.92,FERMENTASI_AWAL
29.44,2479,3.54,FERMENTASI_LANJUT
27.6,1911,4.77,FERMENTASI_AKTIF
24.73,1048,5.69,FERMENTASI_AWAL
25.3,2358,3.29,MATANG
25.23,1338,2.9,MATANG
27.31,1982,4.88,FERMENTASI_AKTIF
31.19,1900,4.68,FERMENTASI_AKTIF
28.24,400,6.55,BELUM_FERMENTASI
27.76,2526,3.77,FERMENTASI_LANJUT
25.36,1098,5.91,FERMENTASI_AWAL
27.86,763,6.12,BELUM_FERMENTASI
30.87,1761,4.78,FERMENTASI_AKTIF
26.71,912,5.36,FERMENTASI_AWAL
31.67,1768,4.55,FERMENTASI_AKTIF
26.41,883,5.81,FERMENTASI_AWAL
27.26,1467,4.58,FERMENTASI_AKTIF
28.49,1678,5.31,FERMENTASI_AKTIF
31.08,588,5.27,FERMENTASI_AWAL
25.74,2091,4.43,FERMENTASI_AKTIF
25.04,582,6.6,BELUM_FERMENTASI
31.0,1862,4.39,FERMENTASI_AKTIF
28.94,608,7.06,BELUM_FERMENTASI
26.37,1697,4.64,FERMENTASI_AKTIF
25.09,2167,3.43,MATANG
28.58,2156,3.86,FERMENTASI_LANJUT
27.86,400,7.27,BELUM_FERMENTASI
25.31,2308,4.19,FERMENTASI_LANJUT
29.37,2105,3.91,FERMENTASI_LANJUT
27.64,1113,5.61,FERMENTASI_AWAL
26.41,837,6.18,BELUM_FERMENTASI
25.93,728,7.2,BELUM_FERMENTASI
26.61,1208,5.65,FERMENTASI_AWAL
28.77,1581,5.06,FERMENTASI_AKTIF
28.18,1148,5.35,FERMENTASI_AWAL
28.0,789,6.23,BELUM_FERMENTASI
27.79,400,6.78,BELUM_FERMENTASI
25.76,1330,4.12,FERMENTASI_AKTIF
27.31,845,6.89,BELUM_FERMENTASI
30.45,1273,4.29,FERMENTASI_AKTIF
27.72,784,5.54,FERMENTASI_AWAL
26.25,882,6.11,FERMENTASI_AWAL
28.02,694,5.31,FERMENTASI_AWAL
31.34,1515,4.5,FERMENTASI_AKTIF
29.57,2646,3.39,FERMENTASI_LANJUT
29.59,1053,5.66,FERMENTASI_AWAL
30.43,1227,5.54,FERMENTASI_AWAL
26.3,518,5.97,FERMENTASI_AWAL
24.11,570,6.68,BELUM_FERMENTASI
29.41,2012,4.21,FERMENTASI_AKTIF
25.2,1895,3.67,FERMENTASI_LANJUT
29.87,1879,4.93,FERMENTASI_AKTIF
25.9,555,6.76,BELUM_FERMENTASI
25.65,882,5.34,FERMENTASI_AWAL
27.06,1727,4.61,FERMENTASI_AKTIF
29.47,1223,4.74,FERMENTASI_AKTIF
28.99,1174,4.94,FERMENTASI_AWAL
27.99,570,6.34,BELUM_FERMENTASI
27.95,1543,4.48,FERMENTASI_AKTIF
26.73,708,7.07,BELUM_FERMENTASI
28.25,1642,3.9,FERMENTASI_LANJUT
28.64,758,5.82,FERMENTASI_AWAL
26.72,1274,3.5,MATANG
30.98,1203,5.31,FERMENTASI_AWAL
27.75,784,5.69,FERMENTASI_AWAL
26.75,775,5.94,FERMENTASI_AWAL
25.82,1238,4.8,FERMENTASI_AKTIF
30.37,907,5.39,FERMENTASI_AWAL
30.2,1370,3.98,FERMENTASI_LANJUT
25.04,1312,5.61,FERMENTASI_AWAL
29.5,1786,3.73,FERMENTASI_LANJUT
27.78,812,5.97,FERMENTASI_AWAL
29.43,2031,4.61,FERMENTASI_AKTIF
25.75,1566,4.32,FERMENTASI_AKTIF
28.6,2196,3.52,FERMENTASI_LANJUT
24.98,1475,3.23,MATANG
27.35,1544,4.35,FERMENTASI_AKTIF
24.53,691,6.68,BELUM_FERMENTASI
25.63,1620,3.38,MATANG
30.83,1653,4.87,FERMENTASI_AKTIF
28.35,531,6.27,BELUM_FERMENTASI
29.35,848,7.15,BELUM_FERMENTASI
29.03,831,5.55,FERMENTASI_AWAL
30.1,1735,4.16,FERMENTASI_AKTIF
29.76,2079,3.22,MATANG
25.49,2145,4.03,FERMENTASI_LANJUT
28.68,1171,5.1,FERMENTASI_AWAL
27.06,607,6.19,BELUM_FERMENTASI
29.91,2064,3.79,FERMENTASI_LANJUT
29.72,1154,4.46,FERMENTASI_AKTIF
29.08,2339,4.19,FERMENTASI_LANJUT
27.98,780,6.41,BELUM_FERMENTASI
29.29,1528,3.23,FERMENTASI_LANJUT
25.0,707,5.1,FERMENTASI_AWAL
30.86,1381,5.69,FERMENTASI_AWAL
29.37,811,5.15,FERMENTASI_AWAL
28.45,876,5.24,FERMENTASI_AWAL
29.53,400,6.15,BELUM_FERMENTASI
25.68,847,5.8,FERMENTASI_AWAL
31.74,1143,5.0,FERMENTASI_AKTIF
26.87,2138,4.55,FERMENTASI_AKTIF
26.38,1042,3.56,MATANG
26.61,826,6.29,BELUM_FERMENTASI
25.55,1040,5.6,FERMENTASI_AWAL
25.91,2147,4.2,FERMENTASI_AKTIF
25.48,1703,3.11,MATANG
24.49,1492,3.44,FERMENTASI_LANJUT
28.86,1227,4.08,FERMENTASI_AKTIF
27.56,1009,6.24,FERMENTASI_AWAL
27.75,2556,3.15,MATANG
27.84,612,6.57,BELUM_FERMENTASI
26.33,993,4.82,FERMENTASI_AKTIF
28.84,1098,4.74,FERMENTASI_AKTIF
30.82,1752,4.33,FERMENTASI_AKTIF
26.34,1722,4.7,FERMENTASI_AKTIF
31.29,1906,4.86,FERMENTASI_AKTIF
26.83,1057,5.93,FERMENTASI_AWAL
25.04,2152,3.97,FERMENTASI_LANJUT
23.85,1307,3.14,MATANG
29.03,2622,3.8,FERMENTASI_LANJUT
27.95,618,5.65,FERMENTASI_AWAL
25.47,703,6.41,BELUM_FERMENTASI
26.31,640,6.65,BELUM_FERMENTASI
25.62,1333,4.64,FERMENTASI_AKTIF
25.31,400,6.88,BELUM_FERMENTASI
27.2,819,5.13,FERMENTASI_AKTIF
27.24,2148,3.39,FERMENTASI_LANJUT
26.76,2718,3.63,FERMENTASI_LANJUT
28.79,642,6.37,BELUM_FERMENTASI
25.78,2342,4.05,FERMENTASI_LANJUT
29.47,1268,5.45,FERMENTASI_AWAL
24.54,1531,3.3,MATANG
29.36,953,6.24,FERMENTASI_AWAL
28.78,1184,4.99,FERMENTASI_AWAL
26.3,818,5.45,FERMENTASI_AWAL
31.4,1218,4.59,FERMENTASI_AKTIF
28.15,1348,3.54,MATANG
27.97,937,5.74,FERMENTASI_AWAL
28.89,1159,3.94,FERMENTASI_AKTIF
25.65,402,7.06,BELUM_FERMENTASI
28.14,1432,4.11,FERMENTASI_AKTIF
29.43,1490,4.33,FERMENTASI_AKTIF
29.03,2095,5.14,FERMENTASI_AKTIF
25.73,2082,4.17,FERMENTASI_AKTIF
29.1,1007,6.25,FERMENTASI_AWAL
26.12,2200,3.79,FERMENTASI_AKTIF
29.43,794,5.91,FERMENTASI_AWAL
26.09,857,4.11,FERMENTASI_AKTIF
28.43,2210,3.67,MATANG
25.13,1865,3.96,MATANG
27.83,2013,4.07,FERMENTASI_AKTIF
25.08,1450,3.35,MATANG
26.1,1377,5.1,FERMENTASI_AKTIF
27.91,707,6.4,BELUM_FERMENTASI
29.7,981,4.18,FERMENTASI_AKTIF
25.64,733,5.87,FERMENTASI_AWAL
30.58,1799,4.23,FERMENTASI_AKTIF
24.53,1869,3.63,FERMENTASI_LANJUT
26.8,665,6.09,BELUM_FERMENTASI
25.9,718,5.89,BELUM_FERMENTASI
27.3,2180,3.8,MATANG
27.96,937,5.66,FERMENTASI_AWAL
28.29,1587,3.32,MATANG
29.18,2176,5.12,FERMENTASI_AKTIF
25.21,2493,4.13,FERMENTASI_LANJUT
24.82,817,6.37,BELUM_FERMENTASI
27.01,2595,4.21,FERMENTASI_LANJUT
27.62,2393,3.54,MATANG
31.2,1047,4.02,FERMENTASI_AKTIF
27.77,1029,4.04,FERMENTASI_AKTIF
28.64,1258,5.67,FERMENTASI_AWAL
29.54,1101,5.54,FERMENTASI_AWAL
25.73,1427,5.2,FERMENTASI_AWAL
31.44,1329,5.01,FERMENTASI_AKTIF
25.66,1795,4.97,FERMENTASI_AKTIF
26.59,2031,5.06,FERMENTASI_AKTIF
29.14,1609,5.37,FERMENTASI_AKTIF
29.69,1187,4.97,FERMENTASI_AKTIF
26.38,643,5.99,BELUM_FERMENTASI
30.68,1725,4.17,FERMENTASI_LANJUT
27.81,2185,4.67,FERMENTASI_AKTIF
28.07,1162,6.05,FERMENTASI_AWAL
25.61,1945,4.31,FERMENTASI_AKTIF
26.45,1766,4.81,FERMENTASI_AKTIF
25.81,2329,4.06,FERMENTASI_LANJUT
25.62,2319,3.91,FERMENTASI_LANJUT
27.1,1907,5.3,FERMENTASI_AKTIF
31.35,2237,5.18,FERMENTASI_AKTIF
28.47,1106,5.27,FERMENTASI_AWAL
25.69,1390,4.84,FERMENTASI_AKTIF
28.0,1836,4.45,FERMENTASI_LANJUT
26.33,1666,4.03,FERMENTASI_AKTIF
27.83,699,5.88,FERMENTASI_AWAL
28.72,950,5.54,FERMENTASI_AWAL
26.42,889,3.6,MATANG
27.68,1798,3.75,FERMENTASI_LANJUT
30.53,2177,4.21,FERMENTASI_AKTIF
25.0,1288,4.86,FERMENTASI_AKTIF
26.67,622,5.41,FERMENTASI_AWAL
26.53,1276,4.55,FERMENTASI_AKTIF
25.89,524,6.57,BELUM_FERMENTASI
27.57,1771,3.72,FERMENTASI_LANJUT
28.39,543,6.6,BELUM_FERMENTASI
29.73,1334,4.28,FERMENTASI_AKTIF
25.69,724,6.59,BELUM_FERMENTASI
30.99,746,5.8,FERMENTASI_AWAL
26.06,1748,3.6,MATANG
29.46,1745,4.1,FERMENTASI_LANJUT
29.18,727,6.02,BELUM_FERMENTASI
27.97,1334,4.25,FERMENTASI_AKTIF
26.23,2770,4.2,FERMENTASI_LANJUT
29.12,779,6.13,BELUM_FERMENTASI
29.84,967,5.41,FERMENTASI_AWAL
24.83,1950,3.52,MATANG
26.74,1207,3.6,MATANG
26.37,1735,4.15,FERMENTASI_LANJUT
25.82,484,6.02,BELUM_FERMENTASI
29.38,752,5.58,FERMENTASI_AWAL
26.21,1962,3.82,FERMENTASI_AKTIF
25.7,1923,4.77,FERMENTASI_AKTIF
29.82,2542,3.16,FERMENTASI_LANJUT
31.88,1295,4.28,FERMENTASI_AKTIF
28.63,1664,5.17,FERMENTASI_AKTIF
27.49,1921,4.83,FERMENTASI_AKTIF
30.28,2034,3.46,FERMENTASI_LANJUT
27.47,643,6.22,BELUM_FERMENTASI
31.21,970,4.84,FERMENTASI_AKTIF
25.0,1405,3.79,MATANG
27.16,1005,5.19,FERMENTASI_AWAL
25.7,1105,4.96,FERMENTASI_AWAL
29.73,500,6.68,BELUM_FERMENTASI
28.49,1313,4.13,FERMENTASI_AKTIF
30.03,1100,4.55,FERMENTASI_AKTIF
28.29,464,6.67,BELUM_FERMENTASI
31.31,1017,5.01,FERMENTASI_AKTIF
30.71,1483,3.45,FERMENTASI_LANJUT
26.46,606,6.06,BELUM_FERMENTASI
25.24,2529,3.55,FERMENTASI_LANJUT
29.68,557,6.22,BELUM_FERMENTASI
26.03,504,6.87,BELUM_FERMENTASI
26.06,810,5.16,FERMENTASI_AWAL
28.23,1388,3.85,FERMENTASI_LANJUT
29.9,1160,4.85,FERMENTASI_AKTIF
28.26,868,5.71,FERMENTASI_AWAL
28.8,892,5.36,FERMENTASI_AWAL
25.06,1229,5.89,FERMENTASI_AWAL
25.67,1807,5.09,FERMENTASI_AKTIF
24.48,655,6.32,BELUM_FERMENTASI
26.81,1706,4.91,FERMENTASI_AKTIF
28.55,2178,3.42,MATANG
30.74,1739,4.58,FERMENTASI_AKTIF
27.22,2142,4.17,FERMENTASI_AKTIF
27.38,991,5.04,FERMENTASI_AWAL
30.04,2805,3.39,FERMENTASI_LANJUT
27.79,2334,3.46,FERMENTASI_LANJUT
27.62,1708,3.62,FERMENTASI_LANJUT
28.96,1891,3.55,FERMENTASI_LANJUT
27.35,1981,3.49,FERMENTASI_LANJUT
31.87,1405,4.38,FERMENTASI_AKTIF
25.79,1577,3.71,FERMENTASI_LANJUT
28.61,766,6.64,BELUM_FERMENTASI
25.17,844,5.81,FERMENTASI_AWAL
26.84,1044,5.88,FERMENTASI_AWAL
27.08,1903,4.42,FERMENTASI_AKTIF
29.71,2090,5.03,FERMENTASI_AKTIF
24.78,1794,3.73,FERMENTASI_LANJUT
25.44,450,7.11,BELUM_FERMENTASI
28.97,1115,4.67,FERMENTASI_AKTIF
28.08,1330,6.01,FERMENTASI_AWAL
25.17,400,6.84,BELUM_FERMENTASI
25.41,1668,3.13,MATANG
24.46,1967,4.08,MATANG
30.1,1026,5.31,FERMENTASI_AWAL
28.6,2413,4.13,FERMENTASI_LANJUT
28.52,764,6.83,BELUM_FERMENTASI
30.37,1734,3.86,FERMENTASI_LANJUT
27.3,925,5.8,FERMENTASI_AWAL
28.5,1250,5.57,FERMENTASI_AWAL
27.36,555,6.63,BELUM_FERMENTASI
25.33,539,6.55,BELUM_FERMENTASI
30.89,1836,4.3,FERMENTASI_AKTIF
30.11,1708,4.29,FERMENTASI_AKTIF
26.08,1443,5.13,FERMENTASI_AKTIF
29.5,852,6.19,BELUM_FERMENTASI
29.35,1129,5.31,FERMENTASI_AWAL
26.51,1269,5.47,FERMENTASI_AWAL
26.55,1635,3.51,FERMENTASI_LANJUT
25.81,860,7.05,BELUM_FERMENTASI
27.36,1154,5.81,FERMENTASI_AWAL
30.33,1305,4.15,FERMENTASI_AKTIF
25.84,555,6.53,BELUM_FERMENTASI
30.09,1164,4.12,FERMENTASI_LANJUT
30.64,1070,5.91,FERMENTASI_AWAL
29.31,1920,4.28,FERMENTASI_LANJUT
26.89,947,4.22,FERMENTASI_AKTIF
27.32,1170,6.09,FERMENTASI_AWAL
25.61,663,7.29,BELUM_FERMENTASI
25.69,1475,5.2,FERMENTASI_AKTIF
27.7,1337,5.15,FERMENTASI_AWAL
31.08,1384,4.2,FERMENTASI_AKTIF
25.49,484,6.91,BELUM_FERMENTASI
29.26,821,5.41,FERMENTASI_AWAL
24.9,585,6.86,BELUM_FERMENTASI
26.28,1308,5.41,FERMENTASI_AWAL
24.91,1172,4.64,FERMENTASI_AKTIF
27.85,1337,5.88,FERMENTASI_AWAL
25.97,2435,3.31,FERMENTASI_LANJUT
28.9,1839,4.1,FERMENTASI_AKTIF
26.4,400,7.23,BELUM_FERMENTASI
30.68,455,5.64,FERMENTASI_AWAL
24.16,400,6.67,BELUM_FERMENTASI
25.95,1551,4.41,FERMENTASI_AKTIF
29.19,586,7.3,BELUM_FERMENTASI
27.62,595,6.1,BELUM_FERMENTASI
24.28,497,6.91,BELUM_FERMENTASI
26.58,926,5.97,FERMENTASI_AWAL
27.17,581,6.72,BELUM_FERMENTASI
28.9,963,5.32,FERMENTASI_AWAL
31.5,2230,4.85,FERMENTASI_AKTIF
30.75,2073,4.19,FERMENTASI_AKTIF
28.87,1431,4.7,FERMENTASI_AKTIF
28.4,1872,4.26,FERMENTASI_AKTIF
25.84,2361,3.93,FERMENTASI_LANJUT
29.34,531,5.05,FERMENTASI_AWAL
26.02,2499,3.46,FERMENTASI_LANJUT
27.81,574,6.97,BELUM_FERMENTASI
25.72,1619,5.04,FERMENTASI_AKTIF
27.85,2113,4.36,FERMENTASI_LANJUT
28.73,1618,4.2,FERMENTASI_AKTIF
31.23,1201,4.17,FERMENTASI_AKTIF
29.96,2459,4.18,FERMENTASI_LANJUT
25.67,1229,6.16,FERMENTASI_AWAL
28.82,878,7.19,BELUM_FERMENTASI
27.83,1509,5.09,FERMENTASI_AKTIF
27.86,1496,3.28,MATANG
27.63,1695,4.12,FERMENTASI_AKTIF
25.21,1468,3.33,MATANG
29.92,1622,4.98,FERMENTASI_AKTIF
26.04,958,5.69,FERMENTASI_AWAL
26.76,1220,4.5,FERMENTASI_AKTIF
26.93,842,6.4,BELUM_FERMENTASI
28.55,1779,4.62,FERMENTASI_AKTIF
29.0,1213,4.66,FERMENTASI_AKTIF
28.39,1447,4.47,FERMENTASI_AKTIF
29.46,638,6.19,BELUM_FERMENTASI
29.69,916,5.93,FERMENTASI_AWAL
29.76,1797,3.18,MATANG
29.03,1033,4.51,FERMENTASI_AKTIF
24.21,620,6.24,BELUM_FERMENTASI
28.26,846,5.56,FERMENTASI_AWAL
26.58,732,5.92,FERMENTASI_AWAL
24.19,438,6.82,BELUM_FERMENTASI
28.18,1410,6.15,FERMENTASI_AWAL
28.07,917,4.93,FERMENTASI_AKTIF
27.86,484,7.01,BELUM_FERMENTASI
30.86,892,5.06,FERMENTASI_AKTIF
25.26,632,5.76,FERMENTASI_AWAL
28.93,1120,5.22,FERMENTASI_AWAL
30.69,2138,5.0,FERMENTASI_AKTIF
26.2,2011,5.07,FERMENTASI_AKTIF
26.24,832,4.45,FERMENTASI_AKTIF
28.9,2290,4.32,FERMENTASI_LANJUT
31.7,1106,4.57,FERMENTASI_AKTIF
25.74,1276,4.44,FERMENTASI_AKTIF
27.58,867,7.3,BELUM_FERMENTASI
30.35,1745,4.38,FERMENTASI_AKTIF
29.75,1104,5.95,FERMENTASI_AWAL
27.64,1105,4.86,FERMENTASI_AKTIF
27.6,1592,4.79,FERMENTASI_AKTIF
26.0,908,6.59,BELUM_FERMENTASI
29.78,1077,6.06,FERMENTASI_AWAL
30.74,1903,4.31,FERMENTASI_AKTIF
24.47,803,6.9,BELUM_FERMENTASI
27.86,400,6.41,BELUM_FERMENTASI
26.84,2325,3.38,MATANG
31.26,754,5.08,FERMENTASI_AWAL
25.0,646,6.75,BELUM_FERMENTASI
28.59,2896,4.33,FERMENTASI_LANJUT
26.42,959,5.25,FERMENTASI_AWAL
29.93,864,5.31,FERMENTASI_AWAL
30.08,1631,4.19,FERMENTASI_LANJUT
26.35,454,6.57,BELUM_FERMENTASI
30.09,1297,4.42,FERMENTASI_AKTIF
25.9,681,6.73,BELUM_FERMENTASI
25.36,1370,3.07,MATANG
25.11,1383,5.14,FERMENTASI_AKTIF
25.16,1705,3.98,FERMENTASI_LANJUT
28.94,1802,4.17,FERMENTASI_LANJUT
25.65,1747,4.76,FERMENTASI_AKTIF
30.38,1365,4.74,FERMENTASI_AKTIF
29.21,1504,3.76,FERMENTASI_LANJUT
29.53,835,5.29,FERMENTASI_AWAL
27.6,2746,4.06,FERMENTASI_LANJUT
30.67,950,6.11,FERMENTASI_AWAL
26.34,903,5.74,FERMENTASI_AWAL
26.78,806,6.52,BELUM_FERMENTASI
27.82,1392,3.56,FERMENTASI_LANJUT
26.38,1218,4.46,FERMENTASI_AKTIF
29.18,710,6.23,BELUM_FERMENTASI
30.61,866,5.88,FERMENTASI_AWAL
26.37,2017,5.16,FERMENTASI_AKTIF
25.28,677,6.1,BELUM_FERMENTASI
29.0,437,5.26,FERMENTASI_AWAL
25.7,896,5.39,FERMENTASI_AWAL
26.97,1596,4.21,FERMENTASI_AKTIF
27.01,765,5.0,FERMENTASI_AWAL
26.6,479,6.74,BELUM_FERMENTASI
26.0,1153,5.24,FERMENTASI_AKTIF
24.88,732,6.71,BELUM_FERMENTASI
28.67,1672,4.87,FERMENTASI_AKTIF
29.36,1200,6.21,FERMENTASI_AWAL
26.9,1083,4.64,FERMENTASI_AKTIF
23.68,1888,3.72,MATANG
30.0,975,5.2,FERMENTASI_AWAL
30.9,2168,4.38,FERMENTASI_AKTIF
28.18,1031,5.54,FERMENTASI_AWAL
24.83,892,6.83,BELUM_FERMENTASI
30.4,1973,3.44,FERMENTASI_LANJUT
29.99,1022,4.23,FERMENTASI_AKTIF
26.19,789,6.85,BELUM_FERMENTASI
29.42,2171,4.62,FERMENTASI_AKTIF
30.83,1313,4.66,FERMENTASI_AKTIF
28.04,881,5.7,FERMENTASI_AWAL
26.98,885,5.45,FERMENTASI_AWAL
25.71,764,5.45,FERMENTASI_AWAL
30.42,1544,4.82,FERMENTASI_AKTIF
26.83,1281,3.99,FERMENTASI_LANJUT
26.8,557,5.23,FERMENTASI_AWAL
26.98,703,6.1,BELUM_FERMENTASI
25.85,1512,3.79,FERMENTASI_LANJUT
27.48,1272,6.16,FERMENTASI_AWAL
27.55,831,5.96,FERMENTASI_AWAL
25.53,752,6.44,BELUM_FERMENTASI
30.49,1406,4.37,FERMENTASI_AKTIF
27.58,2612,3.43,FERMENTASI_LANJUT
29.09,496,6.36,BELUM_FERMENTASI
30.44,1269,5.62,FERMENTASI_AWAL
30.41,1633,3.83,FERMENTASI_LANJUT
26.07,1130,6.28,FERMENTASI_AWAL
29.35,1241,3.9,MATANG
25.56,777,6.11,FERMENTASI_AWAL
29.37,1884,5.1,FERMENTASI_AKTIF
24.44,1152,3.35,MATANG
28.19,1902,4.99,FERMENTASI_AKTIF
30.34,1181,5.87,FERMENTASI_AWAL
29.86,852,5.16,FERMENTASI_AWAL
26.95,779,7.16,BELUM_FERMENTASI
24.8,673,6.66,BELUM_FERMENTASI
26.3,769,5.82,FERMENTASI_AWAL
28.23,1799,4.13,FERMENTASI_AKTIF
30.91,1447,4.08,FERMENTASI_LANJUT
27.96,1335,4.84,FERMENTASI_AKTIF
31.14,2242,3.92,FERMENTASI_LANJUT
29.65,1937,4.87,FERMENTASI_AKTIF
26.43,1125,5.88,FERMENTASI_AWAL
25.41,2628,3.82,FERMENTASI_LANJUT
31.17,1800,5.32,FERMENTASI_AKTIF
29.27,1712,3.95,FERMENTASI_AKTIF
26.34,1052,5.64,FERMENTASI_AWAL
25.31,619,7.15,BELUM_FERMENTASI
25.44,1297,3.81,FERMENTASI_LANJUT
28.74,1534,4.56,FERMENTASI_AKTIF
29.93,1097,5.24,FERMENTASI_AWAL
28.82,1183,5.15,FERMENTASI_AWAL
26.98,1120,5.61,FERMENTASI_AWAL
30.6,1321,4.59,FERMENTASI_AKTIF
26.1,647,6.14,FERMENTASI_AWAL
28.68,972,4.51,FERMENTASI_AKTIF
30.35,684,5.77,FERMENTASI_AWAL
24.74,452,7.09,BELUM_FERMENTASI
30.47,1461,5.09,FERMENTASI_AKTIF
25.77,1313,4.7,FERMENTASI_AKTIF
24.8,2111,3.43,MATANG
29.39,890,6.26,BELUM_FERMENTASI
27.83,911,7.17,BELUM_FERMENTASI
27.24,1862,3.81,FERMENTASI_LANJUT
30.41,1197,3.19,MATANG
25.7,856,7.04,BELUM_FERMENTASI
25.1,1655,4.31,FERMENTASI_AKTIF
29.1,937,4.96,FERMENTASI_AKTIF
26.15,1528,5.3,FERMENTASI_AKTIF
24.29,1623,3.09,MATANG
25.62,2177,5.07,FERMENTASI_AKTIF
31.67,1842,3.96,FERMENTASI_AKTIF
25.92,752,6.7,BELUM_FERMENTASI
25.68,717,5.11,FERMENTASI_AWAL
24.34,462,7.24,BELUM_FERMENTASI
31.43,893,4.53,FERMENTASI_AKTIF
27.32,2562,3.91,FERMENTASI_LANJUT
28.98,1847,4.28,MATANG
27.99,1239,3.26,FERMENTASI_LANJUT
28.41,1851,4.87,FERMENTASI_AKTIF
30.32,937,5.81,FERMENTASI_AWAL
26.09,1203,5.51,FERMENTASI_AWAL
26.84,400,6.74,BELUM_FERMENTASI
28.89,1364,3.45,MATANG
28.73,729,5.16,FERMENTASI_AWAL
31.62,1893,4.3,FERMENTASI_AKTIF
25.08,2057,4.57,FERMENTASI_AKTIF
26.52,1419,3.37,MATANG
29.11,1792,4.94,FERMENTASI_AKTIF
29.25,1655,3.89,FERMENTASI_LANJUT
31.02,968,4.33,FERMENTASI_AKTIF
25.53,1867,3.72,FERMENTASI_LANJUT
25.02,492,7.28,BELUM_FERMENTASI
26.87,1322,5.3,FERMENTASI_AWAL
28.75,520,6.24,BELUM_FERMENTASI
29.55,2172,4.62,FERMENTASI_AKTIF
30.27,622,6.93,BELUM_FERMENTASI
29.37,1779,4.21,FERMENTASI_AKTIF
29.16,1415,3.82,FERMENTASI_LANJUT
30.27,1456,4.82,FERMENTASI_AKTIF
27.56,1101,5.62,FERMENTASI_AWAL
30.06,1046,4.79,FERMENTASI_AKTIF
26.37,1427,4.54,FERMENTASI_AKTIF
29.11,2248,3.1,MATANG
28.57,2135,3.53,MATANG
29.35,1005,3.32,MATANG
29.7,993,4.83,FERMENTASI_AKTIF
29.99,1747,3.53,MATANG
26.92,1776,4.43,FERMENTASI_AKTIF
23.96,767,6.74,BELUM_FERMENTASI
25.62,1485,4.62,FERMENTASI_AKTIF
25.32,904,6.46,BELUM_FERMENTASI
27.63,1782,3.59,FERMENTASI_LANJUT
30.73,1048,4.53,FERMENTASI_AKTIF
26.6,2075,3.77,FERMENTASI_LANJUT
29.06,545,7.17,BELUM_FERMENTASI
27.58,770,6.83,BELUM_FERMENTASI
29.57,1174,3.9,MATANG
25.52,473,6.51,BELUM_FERMENTASI
30.63,1316,5.62,FERMENTASI_AWAL
30.91,1890,5.01,FERMENTASI_AKTIF
26.67,585,6.24,BELUM_FERMENTASI
26.06,1943,4.89,FERMENTASI_AKTIF
25.43,2026,3.24,FERMENTASI_LANJUT
28.04,1655,4.83,FERMENTASI_AKTIF
29.04,1141,5.04,FERMENTASI_AWAL
27.84,672,6.05,BELUM_FERMENTASI
27.65,957,5.35,FERMENTASI_AWAL
30.51,1065,5.75,FERMENTASI_AWAL
28.8,2561,3.95,FERMENTASI_LANJUT
29.49,689,7.08,BELUM_FERMENTASI
27.89,827,4.96,FERMENTASI_AWAL
26.67,1308,3.79,FERMENTASI_LANJUT
28.49,1030,5.73,FERMENTASI_AWAL
24.66,437,7.04,BELUM_FERMENTASI
25.78,1407,3.91,FERMENTASI_LANJUT
27.39,1440,3.71,FERMENTASI_LANJUT
31.28,1368,5.06,FERMENTASI_AKTIF
30.67,1181,5.27,FERMENTASI_AWAL
29.7,907,6.06,BELUM_FERMENTASI
29.29,2369,3.96,FERMENTASI_LANJUT
30.32,882,5.19,FERMENTASI_AWAL
24.72,400,6.24,BELUM_FERMENTASI
25.51,924,5.65,FERMENTASI_AWAL
24.79,1233,5.96,FERMENTASI_AWAL
27.36,2706,4.28,FERMENTASI_LANJUT
28.81,1859,4.2,FERMENTASI_AKTIF
27.67,1026,5.89,FERMENTASI_AWAL
29.38,799,6.85,BELUM_FERMENTASI
26.67,1519,3.8,FERMENTASI_LANJUT
29.76,585,6.72,BELUM_FERMENTASI
26.31,1242,4.41,FERMENTASI_AKTIF
28.88,2316,3.36,MATANG
26.62,698,6.0,BELUM_FERMENTASI
28.02,2103,3.67,MATANG
26.05,796,5.77,FERMENTASI_AWAL
27.08,1403,4.28,FERMENTASI_AKTIF
25.16,463,7.03,BELUM_FERMENTASI
29.69,1215,5.82,FERMENTASI_AWAL
25.81,847,6.17,FERMENTASI_AWAL
29.46,1297,4.26,FERMENTASI_AKTIF
29.2,1438,4.05,FERMENTASI_AKTIF
26.69,915,5.92,FERMENTASI_AWAL
29.78,759,5.1,FERMENTASI_AWAL
25.85,1569,3.61,FERMENTASI_LANJUT
30.99,1358,4.04,FERMENTASI_AKTIF
27.8,2143,4.08,FERMENTASI_LANJUT
28.08,1397,5.6,FERMENTASI_AWAL
25.09,580,6.7,BELUM_FERMENTASI
26.09,2117,4.27,FERMENTASI_AKTIF
25.23,1457,4.84,FERMENTASI_AKTIF
30.02,796,5.09,FERMENTASI_AWAL
27.63,535,6.63,BELUM_FERMENTASI
28.54,544,7.18,BELUM_FERMENTASI
24.93,580,6.63,BELUM_FERMENTASI
30.41,1866,5.04,FERMENTASI_AKTIF
27.19,1215,6.01,FERMENTASI_AWAL
26.69,408,6.68,BELUM_FERMENTASI
24.77,731,6.77,BELUM_FERMENTASI
26.56,1054,5.32,FERMENTASI_AWAL
29.91,679,6.18,BELUM_FERMENTASI
29.33,872,5.71,FERMENTASI_AWAL
27.57,2027,5.02,FERMENTASI_AKTIF
26.47,2048,4.17,FERMENTASI_AKTIF
29.13,1217,3.69,MATANG
26.4,1139,5.76,FERMENTASI_AWAL
28.37,1776,5.18,FERMENTASI_AKTIF
29.79,1550,4.16,FERMENTASI_LANJUT
29.54,1858,3.48,MATANG
28.84,1033,5.31,FERMENTASI_AWAL
29.0,1318,4.51,FERMENTASI_AKTIF
27.72,818,6.55,BELUM_FERMENTASI
29.18,1039,5.51,FERMENTASI_AWAL
29.47,2244,4.01,FERMENTASI_LANJUT
28.85,512,5.7,FERMENTASI_AWAL
30.82,1006,6.04,FERMENTASI_AWAL
27.67,1367,3.26,MATANG
27.07,549,5.98,FERMENTASI_AWAL
26.8,2078,4.74,FERMENTASI_AKTIF
27.73,1529,4.52,FERMENTASI_AKTIF
27.88,757,6.71,BELUM_FERMENTASI
26.41,1452,4.64,FERMENTASI_AKTIF
31.44,1821,4.09,FERMENTASI_AKTIF
27.24,1562,4.45,FERMENTASI_AKTIF
27.25,784,6.87,BELUM_FERMENTASI
25.89,400,6.79,BELUM_FERMENTASI
24.99,662,6.53,BELUM_FERMENTASI
30.33,703,5.69,FERMENTASI_AWAL
26.38,934,5.75,FERMENTASI_AWAL
28.18,1349,4.13,FERMENTASI_AKTIF
29.41,506,6.07,BELUM_FERMENTASI
24.96,1942,3.43,FERMENTASI_LANJUT
29.6,2388,3.86,FERMENTASI_LANJUT
25.95,2615,3.95,FERMENTASI_LANJUT
24.5,1306,4.1,FERMENTASI_LANJUT
29.97,2680,3.72,FERMENTASI_LANJUT
25.32,1088,4.95,FERMENTASI_AKTIF
29.4,520,6.1,BELUM_FERMENTASI
28.4,1512,3.36,FERMENTASI_LANJUT
24.85,1440,2.91,MATANG
29.39,2218,4.46,FERMENTASI_AKTIF
27.79,1211,4.55,FERMENTASI_AKTIF
29.22,1557,4.3,FERMENTASI_AKTIF
24.4,1034,4.03,FERMENTASI_AKTIF
26.74,2197,3.53,FERMENTASI_LANJUT
26.98,1021,6.19,FERMENTASI_AWAL
28.01,861,6.79,BELUM_FERMENTASI
29.18,441,6.59,BELUM_FERMENTASI
28.93,504,6.13,BELUM_FERMENTASI
28.92,1852,5.3,FERMENTASI_AKTIF
30.65,750,5.61,FERMENTASI_AWAL
28.74,1439,3.83,FERMENTASI_LANJUT
30.09,400,6.97,BELUM_FERMENTASI
29.13,824,5.5,FERMENTASI_AWAL
27.52,532,6.6,BELUM_FERMENTASI
29.26,811,5.98,FERMENTASI_AWAL
25.86,1209,5.97,FERMENTASI_AWAL
25.14,732,6.99,BELUM_FERMENTASI
26.24,1026,6.14,FERMENTASI_AWAL
30.43,1455,4.68,FERMENTASI_AKTIF
27.4,400,5.89,BELUM_FERMENTASI
25.41,605,6.16,BELUM_FERMENTASI
28.13,1760,4.17,FERMENTASI_LANJUT
26.23,558,6.51,BELUM_FERMENTASI
26.22,843,6.13,BELUM_FERMENTASI
26.67,1295,4.77,FERMENTASI_AKTIF
26.13,615,6.07,BELUM_FERMENTASI
25.79,623,6.79,BELUM_FERMENTASI
30.76,2181,4.33,FERMENTASI_LANJUT
30.8,1733,4.82,FERMENTASI_AKTIF
27.51,1037,5.62,FERMENTASI_AWAL
26.95,2520,3.72,FERMENTASI_LANJUT
29.51,1914,4.23,FERMENTASI_LANJUT
31.55,1817,4.2,FERMENTASI_LANJUT
29.45,812,5.41,FERMENTASI_AWAL
27.15,646,7.1,BELUM_FERMENTASI
29.45,904,5.55,FERMENTASI_AWAL
27.65,1317,3.92,FERMENTASI_LANJUT
28.86,728,5.8,FERMENTASI_AWAL
26.63,1977,2.87,MATANG
27.48,701,5.36,FERMENTASI_AWAL
25.43,2010,4.11,FERMENTASI_AKTIF
27.93,1315,4.58,FERMENTASI_AKTIF
27.09,1812,4.67,FERMENTASI_AKTIF
28.73,693,6.91,BELUM_FERMENTASI
29.55,2115,4.57,FERMENTASI_AKTIF
29.87,480,6.54,BELUM_FERMENTASI
28.92,692,5.45,FERMENTASI_AWAL
27.08,585,5.89,BELUM_FERMENTASI
26.18,991,5.08,FERMENTASI_AKTIF
25.12,874,6.81,BELUM_FERMENTASI
28.8,1606,4.54,FERMENTASI_AKTIF
26.34,1550,4.86,FERMENTASI_AKTIF
30.17,634,5.09,FERMENTASI_AWAL
31.34,2299,4.17,FERMENTASI_LANJUT
29.94,487,6.36,BELUM_FERMENTASI
28.47,608,6.7,BELUM_FERMENTASI
27.9,558,6.56,BELUM_FERMENTASI
28.29,644,5.89,BELUM_FERMENTASI
27.65,400,6.88,BELUM_FERMENTASI
27.39,1078,4.97,FERMENTASI_AWAL
27.23,473,6.04,BELUM_FERMENTASI
30.59,2272,3.28,FERMENTASI_LANJUT
26.44,2274,3.72,FERMENTASI_LANJUT
28.4,604,6.4,BELUM_FERMENTASI
30.15,506,6.56,BELUM_FERMENTASI
26.56,974,5.09,FERMENTASI_AWAL
28.95,736,5.75,FERMENTASI_AWAL
28.96,733,6.79,BELUM_FERMENTASI
29.71,615,6.77,BELUM_FERMENTASI
25.41,1705,4.0,MATANG
29.92,1333,4.35,FERMENTASI_LANJUT
28.88,759,5.12,FERMENTASI_AWAL
30.24,2515,4.24,FERMENTASI_LANJUT
30.94,1257,4.02,FERMENTASI_AKTIF
29.02,976,6.5,BELUM_FERMENTASI
26.89,603,6.42,BELUM_FERMENTASI
28.29,995,6.15,FERMENTASI_AWAL
26.91,1842,4.47,FERMENTASI_LANJUT
26.62,818,5.51,FERMENTASI_AWAL
27.24,1922,4.74,FERMENTASI_AKTIF
26.95,989,6.16,BELUM_FERMENTASI
28.42,1848,3.78,MATANG
25.44,941,5.1,FERMENTASI_AWAL
27.43,976,4.08,FERMENTASI_AKTIF
28.29,400,6.23,BELUM_FERMENTASI
26.38,1113,5.57,FERMENTASI_AWAL
27.67,487,6.1,BELUM_FERMENTASI
30.61,2764,3.84,FERMENTASI_LANJUT
25.67,2168,4.93,FERMENTASI_AKTIF
25.74,1639,4.75,FERMENTASI_AKTIF
30.03,1464,3.47,FERMENTASI_LANJUT
27.48,1496,3.88,FERMENTASI_LANJUT
28.11,1916,3.58,FERMENTASI_LANJUT
30.76,580,5.48,FERMENTASI_AWAL
31.7,1444,4.43,FERMENTASI_AKTIF
25.08,478,6.14,BELUM_FERMENTASI
30.27,400,6.97,BELUM_FERMENTASI
30.7,1620,3.81,FERMENTASI_LANJUT
24.64,916,6.07,BELUM_FERMENTASI
26.67,1566,5.23,FERMENTASI_AKTIF
25.34,682,6.71,BELUM_FERMENTASI
27.87,1812,3.73,FERMENTASI_LANJUT
25.37,1073,5.41,FERMENTASI_AWAL
28.61,906,6.48,BELUM_FERMENTASI
24.94,1337,4.82,FERMENTASI_AKTIF
29.41,1374,3.29,MATANG
25.74,688,6.38,BELUM_FERMENTASI
25.23,768,6.58,BELUM_FERMENTASI
31.01,1493,5.13,FERMENTASI_AKTIF
27.38,2383,4.15,FERMENTASI_LANJUT
29.81,930,5.5,FERMENTASI_AWAL
28.97,804,6.1,FERMENTASI_AWAL
28.14,2000,3.59,FERMENTASI_LANJUT
27.86,2545,3.98,FERMENTASI_LANJUT
25.52,677,6.97,BELUM_FERMENTASI
27.27,2134,4.24,FERMENTASI_AKTIF
26.01,1413,5.0,FERMENTASI_AKTIF
26.69,1863,4.35,FERMENTASI_AKTIF
30.23,1064,4.5,FERMENTASI_AKTIF
25.48,555,7.09,BELUM_FERMENTASI
28.38,1802,4.48,FERMENTASI_AKTIF
26.87,1229,5.77,FERMENTASI_AWAL
27.99,1296,3.72,MATANG
30.7,1974,5.19,FERMENTASI_AKTIF
26.74,1298,5.65,FERMENTASI_AWAL
27.57,1514,3.58,MATANG
29.98,645,4.99,FERMENTASI_AKTIF
25.15,2679,3.42,FERMENTASI_LANJUT
25.97,1323,4.78,FERMENTASI_AKTIF
26.44,562,5.8,FERMENTASI_AWAL
27.57,2713,3.36,FERMENTASI_LANJUT
31.04,1947,4.17,FERMENTASI_AKTIF
29.03,856,4.08,FERMENTASI_AKTIF
26.65,449,7.04,BELUM_FERMENTASI
28.58,1219,5.35,FERMENTASI_AWAL
25.24,1802,3.94,FERMENTASI_AKTIF
29.25,1430,5.38,FERMENTASI_AWAL
28.84,825,6.79,BELUM_FERMENTASI
29.92,683,5.46,FERMENTASI_AWAL
28.62,1282,4.33,FERMENTASI_AKTIF
29.57,412,7.2,BELUM_FERMENTASI
24.62,683,6.23,BELUM_FERMENTASI
28.55,1556,4.68,FERMENTASI_AKTIF
24.95,661,6.42,BELUM_FERMENTASI
26.73,1377,5.06,FERMENTASI_AKTIF
27.83,1394,5.23,FERMENTASI_AKTIF
25.81,1583,3.72,FERMENTASI_LANJUT
25.58,1990,4.53,FERMENTASI_AKTIF
29.72,1435,3.75,FERMENTASI_LANJUT
30.98,1131,4.71,FERMENTASI_AKTIF
26.19,400,6.55,BELUM_FERMENTASI
24.73,999,5.5,FERMENTASI_AWAL
30.39,725,5.31,FERMENTASI_AWAL
28.96,667,6.97,BELUM_FERMENTASI
26.68,593,5.24,FERMENTASI_AWAL
29.01,400,7.04,BELUM_FERMENTASI
28.87,1607,4.24,FERMENTASI_AKTIF
25.12,1470,4.11,FERMENTASI_AKTIF
26.18,1477,3.41,FERMENTASI_LANJUT
25.83,1637,5.1,FERMENTASI_AKTIF
28.29,780,5.39,FERMENTASI_AWAL
30.62,2117,4.25,FERMENTASI_AKTIF
27.47,1525,3.41,FERMENTASI_LANJUT
28.55,2112,5.05,FERMENTASI_AKTIF
28.7,1351,4.15,FERMENTASI_AKTIF
24.69,808,6.09,FERMENTASI_AWAL
28.73,691,5.05,FERMENTASI_AWAL
25.13,1752,4.3,FERMENTASI_LANJUT
27.66,1164,5.66,FERMENTASI_AWAL
29.98,852,5.96,FERMENTASI_AWAL
26.53,679,5.69,FERMENTASI_AWAL
30.59,1509,4.67,FERMENTASI_AKTIF
30.69,1410,5.4,FERMENTASI_AWAL
27.56,1627,4.53,FERMENTASI_AKTIF
25.91,2139,4.41,FERMENTASI_AKTIF
29.8,1287,4.01,FERMENTASI_AKTIF
26.46,1374,4.43,FERMENTASI_AKTIF
25.8,409,6.5,BELUM_FERMENTASI
28.85,634,6.09,FERMENTASI_AWAL
29.96,2559,3.61,FERMENTASI_LANJUT
29.75,587,6.77,BELUM_FERMENTASI
26.55,1479,4.73,FERMENTASI_AKTIF
26.84,1144,5.25,FERMENTASI_AWAL
26.67,1045,5.89,FERMENTASI_AWAL
31.44,1890,5.03,FERMENTASI_AKTIF
29.33,1208,4.44,FERMENTASI_AKTIF
25.63,2326,4.19,FERMENTASI_LANJUT
30.36,1647,5.16,FERMENTASI_AKTIF
28.07,2470,4.0,FERMENTASI_LANJUT
28.4,2161,4.55,FERMENTASI_AKTIF
25.02,2703,3.54,FERMENTASI_LANJUT
25.89,1092,3.96,FERMENTASI_AKTIF
27.38,1806,3.34,FERMENTASI_LANJUT
26.9,2501,4.03,FERMENTASI_LANJUT
29.06,1041,4.18,FERMENTASI_AKTIF
27.56,1384,5.82,FERMENTASI_AWAL
28.46,753,6.89,BELUM_FERMENTASI
29.21,1656,4.94,FERMENTASI_AKTIF
26.06,957,4.86,FERMENTASI_AWAL
30.95,1817,4.5,FERMENTASI_AKTIF
27.17,1050,5.92,FERMENTASI_AWAL
27.74,2250,3.52,FERMENTASI_LANJUT
26.88,621,6.81,BELUM_FERMENTASI
28.59,589,6.58,BELUM_FERMENTASI
30.58,1933,4.13,FERMENTASI_AKTIF
26.44,1645,4.98,FERMENTASI_AKTIF
25.43,1564,3.45,FERMENTASI_LANJUT
28.63,505,6.05,FERMENTASI_AWAL
27.58,1922,5.05,FERMENTASI_AKTIF
29.34,1435,5.76,FERMENTASI_AWAL
27.77,2655,3.63,FERMENTASI_LANJUT
29.49,460,6.29,BELUM_FERMENTASI
26.59,668,6.89,BELUM_FERMENTASI
29.84,1953,4.89,FERMENTASI_AKTIF
29.81,1058,5.82,FERMENTASI_AWAL
26.66,960,5.34,FERMENTASI_AWAL
23.69,2107,3.01,MATANG
29.78,1181,4.77,FERMENTASI_AWAL
31.02,1514,4.35,FERMENTASI_AKTIF
29.82,879,4.32,FERMENTASI_AKTIF
30.38,2294,3.65,FERMENTASI_LANJUT
27.28,607,6.14,FERMENTASI_AWAL
25.63,438,6.18,BELUM_FERMENTASI
26.95,1023,4.5,FERMENTASI_AKTIF
26.39,400,6.18,BELUM_FERMENTASI
28.01,838,5.85,FERMENTASI_AWAL
28.67,761,6.29,BELUM_FERMENTASI
27.99,1400,3.52,MATANG
27.85,1428,5.18,FERMENTASI_AKTIF
26.93,736,5.43,FERMENTASI_AWAL
30.41,1137,4.7,FERMENTASI_AKTIF
27.19,2319,2.98,MATANG
31.51,1174,4.19,FERMENTASI_AKTIF
30.1,1956,4.65,FERMENTASI_AKTIF
30.05,2279,3.85,FERMENTASI_LANJUT
25.59,1982,2.91,MATANG
25.79,1132,6.29,FERMENTASI_AWAL
29.12,612,6.01,BELUM_FERMENTASI
30.48,1628,4.73,FERMENTASI_AKTIF
29.53,648,6.16,BELUM_FERMENTASI
27.32,2042,4.63,FERMENTASI_AKTIF
27.79,1313,4.67,FERMENTASI_AKTIF
25.18,1663,3.39,FERMENTASI_LANJUT
26.37,1033,4.46,FERMENTASI_AKTIF
24.21,804,7.11,BELUM_FERMENTASI
29.98,1319,4.0,FERMENTASI_AKTIF
29.09,1938,4.84,FERMENTASI_AKTIF
25.36,1248,4.95,FERMENTASI_AKTIF
26.04,2105,3.28,FERMENTASI_LANJUT
26.42,1953,4.53,FERMENTASI_AKTIF
31.23,945,5.25,FERMENTASI_AWAL
30.86,1047,4.63,FERMENTASI_AKTIF
27.08,1796,4.41,FERMENTASI_AKTIF
28.25,1143,4.58,FERMENTASI_AKTIF
25.88,927,5.64,FERMENTASI_AWAL
26.02,697,5.43,FERMENTASI_AWAL
25.75,865,5.17,FERMENTASI_AWAL
28.95,824,7.08,BELUM_FERMENTASI
29.08,1187,5.85,FERMENTASI_AWAL
25.64,1600,3.74,MATANG
28.69,1532,4.34,FERMENTASI_LANJUT
25.43,1693,5.39,FERMENTASI_AKTIF
28.87,1689,5.01,FERMENTASI_AKTIF
31.18,1271,4.71,FERMENTASI_AKTIF
26.82,1621,4.38,FERMENTASI_LANJUT
27.66,1941,4.29,FERMENTASI_AKTIF
26.58,1024,4.5,FERMENTASI_AKTIF
29.73,1356,4.58,FERMENTASI_AKTIF
24.24,655,6.08,BELUM_FERMENTASI
26.86,2324,3.88,FERMENTASI_LANJUT
28.09,690,5.07,FERMENTASI_AWAL
27.87,1892,5.07,FERMENTASI_AKTIF
30.92,1352,4.34,FERMENTASI_AKTIF
25.56,655,5.19,FERMENTASI_AWAL
26.06,1837,4.71,FERMENTASI_AKTIF
28.01,1825,4.57,FERMENTASI_AKTIF
27.78,1464,4.32,FERMENTASI_AKTIF
28.91,2296,3.8,FERMENTASI_LANJUT
26.17,1146,4.77,FERMENTASI_AKTIF
25.91,735,5.53,FERMENTASI_AWAL
30.07,1286,3.76,FERMENTASI_LANJUT
26.2,1191,5.21,FERMENTASI_AWAL
29.89,1084,5.62,FERMENTASI_AWAL
26.02,820,5.23,FERMENTASI_AWAL
27.54,1259,6.17,FERMENTASI_AWAL
25.89,497,7.29,BELUM_FERMENTASI
27.41,773,6.25,BELUM_FERMENTASI
28.22,2021,3.54,FERMENTASI_LANJUT
26.78,1060,5.37,FERMENTASI_AWAL
26.75,658,6.54,BELUM_FERMENTASI
27.67,723,6.53,BELUM_FERMENTASI
30.38,985,4.75,FERMENTASI_AKTIF
26.5,1717,3.79,FERMENTASI_LANJUT
25.93,1748,3.93,FERMENTASI_AKTIF
27.48,1323,4.29,FERMENTASI_AKTIF
29.59,888,5.94,FERMENTASI_AWAL
28.76,453,6.53,BELUM_FERMENTASI
26.17,2030,3.88,FERMENTASI_AKTIF
30.62,1230,5.06,FERMENTASI_AWAL
30.1,1916,4.75,FERMENTASI_AKTIF
28.62,1982,3.64,MATANG
23.56,824,7.04,BELUM_FERMENTASI
25.97,624,6.1,BELUM_FERMENTASI
27.23,1842,3.39,MATANG
29.94,1221,5.87,FERMENTASI_AWAL
25.62,1636,3.87,MATANG
29.79,1160,4.57,FERMENTASI_AKTIF
28.96,1421,4.2,FERMENTASI_AKTIF
28.07,1651,3.31,FERMENTASI_LANJUT
29.46,1128,5.48,FERMENTASI_AWAL
27.63,618,6.41,BELUM_FERMENTASI
27.67,1056,4.13,FERMENTASI_AKTIF
26.21,670,5.44,FERMENTASI_AWAL
29.54,1038,5.71,FERMENTASI_AWAL
29.12,971,5.97,FERMENTASI_AWAL
28.37,2787,4.0,FERMENTASI_LANJUT
27.34,2108,3.56,FERMENTASI_LANJUT
28.71,913,5.06,FERMENTASI_AWAL
30.28,1120,5.69,FERMENTASI_AWAL
25.19,987,4.33,FERMENTASI_AKTIF
25.89,876,5.56,FERMENTASI_AWAL
29.23,2167,3.68,FERMENTASI_LANJUT
27.36,766,5.91,FERMENTASI_AWAL
29.36,556,6.35,BELUM_FERMENTASI
31.17,993,5.19,FERMENTASI_AWAL
24.75,2246,3.89,MATANG
29.52,891,5.08,FERMENTASI_AKTIF
30.58,1162,5.26,FERMENTASI_AWAL
25.47,2091,3.46,MATANG
25.6,747,6.57,BELUM_FERMENTASI
29.6,1331,5.2,FERMENTASI_AWAL
29.28,2008,3.82,FERMENTASI_LANJUT
27.11,1207,3.58,MATANG
30.94,755,5.21,FERMENTASI_AWAL
27.23,755,5.77,FERMENTASI_AWAL
27.19,1031,4.31,FERMENTASI_AKTIF
27.42,1787,4.39,FERMENTASI_AKTIF
29.24,595,7.14,BELUM_FERMENTASI
25.59,655,7.17,BELUM_FERMENTASI
27.83,492,6.76,BELUM_FERMENTASI
30.99,1485,4.63,FERMENTASI_AKTIF
27.7,1103,5.14,FERMENTASI_AKTIF
25.97,1888,3.95,FERMENTASI_LANJUT
26.41,1115,5.3,FERMENTASI_AWAL
24.95,1984,3.93,FERMENTASI_LANJUT
30.24,2416,3.74,MATANG
26.49,899,6.06,FERMENTASI_AWAL
26.21,929,5.39,FERMENTASI_AWAL
26.53,654,6.91,BELUM_FERMENTASI
29.14,618,5.93,FERMENTASI_AWAL
27.07,1654,3.8,FERMENTASI_LANJUT
25.47,555,6.14,BELUM_FERMENTASI
30.11,815,6.85,BELUM_FERMENTASI
26.17,1673,3.0,MATANG
29.09,1794,4.64,FERMENTASI_AKTIF
30.19,1010,5.64,FERMENTASI_AWAL
28.49,1358,4.74,FERMENTASI_AKTIF
30.72,1897,4.11,FERMENTASI_AKTIF
28.1,1190,6.25,FERMENTASI_AWAL
28.39,1554,4.07,FERMENTASI_LANJUT
28.23,892,5.83,FERMENTASI_AWAL
27.5,1227,4.81,FERMENTASI_AKTIF
28.99,1142,4.06,FERMENTASI_AKTIF
31.3,1942,5.03,FERMENTASI_AKTIF
27.18,1966,3.11,MATANG
25.69,904,6.32,FERMENTASI_AWAL
26.78,626,6.97,BELUM_FERMENTASI
26.24,583,6.81,BELUM_FERMENTASI
28.35,1746,4.73,FERMENTASI_AKTIF
25.78,1888,4.41,FERMENTASI_AKTIF
29.11,1698,3.46,FERMENTASI_LANJUT
27.82,400,6.19,BELUM_FERMENTASI
29.95,1160,5.77,FERMENTASI_AWAL
29.46,1124,6.09,FERMENTASI_AWAL
26.24,792,6.09,BELUM_FERMENTASI
31.0,1926,4.04,FERMENTASI_AKTIF
25.78,837,5.15,FERMENTASI_AKTIF
28.65,2400,3.46,FERMENTASI_LANJUT
30.45,1743,4.05,FERMENTASI_AKTIF
29.22,1672,3.24,MATANG
29.49,566,6.72,BELUM_FERMENTASI
30.43,1899,4.95,FERMENTASI_AKTIF
29.73,1424,4.77,FERMENTASI_AKTIF
30.39,1380,4.54,FERMENTASI_AKTIF
29.44,1558,3.81,MATANG
27.98,1217,4.78,FERMENTASI_AKTIF
28.87,683,6.24,FERMENTASI_AWAL
30.51,2570,4.12,FERMENTASI_LANJUT
30.64,1687,4.46,FERMENTASI_AKTIF
29.44,518,6.59,BELUM_FERMENTASI
26.08,932,4.26,FERMENTASI_AKTIF
26.0,1503,3.52,FERMENTASI_LANJUT
26.47,1625,3.98,MATANG
30.48,848,5.05,FERMENTASI_AWAL
27.96,882,5.3,FERMENTASI_AWAL
30.07,697,5.54,FERMENTASI_AWAL
27.21,1455,4.39,FERMENTASI_AKTIF
27.35,1150,5.16,FERMENTASI_AKTIF
30.19,2149,3.69,FERMENTASI_LANJUT
30.38,1085,4.67,FERMENTASI_AKTIF
25.83,938,5.19,FERMENTASI_AWAL
30.47,1189,4.8,FERMENTASI_AWAL
26.94,1496,5.26,FERMENTASI_AKTIF
31.04,1500,5.17,FERMENTASI_AKTIF
29.28,742,5.45,FERMENTASI_AWAL
29.79,1130,5.45,FERMENTASI_AWAL
30.91,1127,5.05,FERMENTASI_AWAL
27.31,2431,3.93,MATANG
28.3,1339,3.59,FERMENTASI_LANJUT
25.3,1572,3.41,FERMENTASI_LANJUT
27.5,1845,5.04,FERMENTASI_AKTIF
27.87,1275,5.79,FERMENTASI_AWAL
29.53,440,6.84,BELUM_FERMENTASI
25.36,1098,6.08,FERMENTASI_AWAL
28.61,1957,4.37,FERMENTASI_LANJUT
31.22,870,4.9,FERMENTASI_AKTIF
28.76,1013,6.11,FERMENTASI_AWAL
28.71,406,6.7,BELUM_FERMENTASI
27.23,1293,5.96,FERMENTASI_AWAL
27.31,1251,3.11,MATANG
26.84,849,5.9,FERMENTASI_AWAL
25.19,806,7.19,BELUM_FERMENTASI
29.43,813,6.2,BELUM_FERMENTASI
25.98,910,6.04,FERMENTASI_AWAL
25.22,2158,4.9,FERMENTASI_AKTIF
29.11,912,5.02,FERMENTASI_AWAL
28.75,884,6.24,FERMENTASI_AWAL
28.81,818,6.45,BELUM_FERMENTASI
25.54,1942,4.2,FERMENTASI_AKTIF
29.36,2385,3.81,FERMENTASI_LANJUT
29.96,1441,4.45,FERMENTASI_AKTIF
27.96,888,6.09,FERMENTASI_AWAL
27.05,842,5.9,FERMENTASI_AWAL
29.01,1916,4.04,FERMENTASI_AKTIF
25.15,1611,3.05,MATANG
26.54,422,5.88,BELUM_FERMENTASI
25.47,1868,4.28,FERMENTASI_AKTIF
29.39,2405,3.73,FERMENTASI_LANJUT
28.18,680,6.13,BELUM_FERMENTASI
31.06,1506,3.41,FERMENTASI_LANJUT
29.71,1404,3.48,FERMENTASI_LANJUT
26.21,984,5.66,FERMENTASI_AWAL
27.13,906,4.71,FERMENTASI_AKTIF
27.35,1094,4.11,FERMENTASI_AKTIF
26.66,852,5.38,FERMENTASI_AWAL
26.37,1606,4.24,FERMENTASI_LANJUT
24.65,769,7.06,BELUM_FERMENTASI
30.65,1455,4.04,FERMENTASI_AKTIF
29.15,1214,3.36,FERMENTASI_LANJUT
29.2,750,6.42,BELUM_FERMENTASI
28.95,684,6.09,BELUM_FERMENTASI
27.11,2158,4.58,FERMENTASI_AKTIF
27.56,1915,4.89,FERMENTASI_AKTIF
28.82,1063,6.25,FERMENTASI_AWAL
25.32,740,6.19,BELUM_FERMENTASI
28.84,1991,4.17,FERMENTASI_LANJUT
25.26,574,5.77,FERMENTASI_AWAL
30.35,869,5.95,FERMENTASI_AWAL
27.79,1249,4.29,FERMENTASI_AKTIF
28.92,2020,5.17,FERMENTASI_AKTIF
27.12,1887,3.97,FERMENTASI_AKTIF
26.75,1018,5.55,FERMENTASI_AWAL
25.94,2050,3.99,FERMENTASI_AKTIF
25.73,1071,5.97,FERMENTASI_AWAL
26.12,666,6.56,BELUM_FERMENTASI
26.46,1140,5.93,FERMENTASI_AWAL
25.67,557,7.01,BELUM_FERMENTASI
28.41,560,6.73,BELUM_FERMENTASI
30.05,1127,5.73,FERMENTASI_AWAL
25.97,400,6.14,BELUM_FERMENTASI
29.12,1959,4.26,FERMENTASI_AKTIF
25.69,2327,3.44,FERMENTASI_LANJUT
26.89,862,6.09,FERMENTASI_AWAL
27.58,1162,3.7,MATANG
24.91,844,5.86,FERMENTASI_AWAL
30.22,1742,4.25,FERMENTASI_AKTIF
28.47,798,6.13,FERMENTASI_AWAL
28.51,1031,5.65,FERMENTASI_AWAL
24.01,1903,3.06,MATANG
28.47,1379,4.47,FERMENTASI_AKTIF
24.96,2026,4.83,FERMENTASI_AKTIF
29.19,592,7.3,BELUM_FERMENTASI
29.16,2173,4.62,FERMENTASI_AKTIF
27.45,2189,4.87,FERMENTASI_AKTIF
30.15,1040,5.25,FERMENTASI_AWAL
25.31,1316,3.46,FERMENTASI_LANJUT
25.63,815,5.4,FERMENTASI_AWAL
28.2,551,5.96,BELUM_FERMENTASI
30.33,981,4.36,FERMENTASI_AKTIF
29.58,1024,5.65,FERMENTASI_AWAL
29.47,2074,4.89,FERMENTASI_AKTIF
25.66,1061,6.27,FERMENTASI_AWAL
29.3,933,6.2,FERMENTASI_AWAL
25.22,1438,3.98,FERMENTASI_LANJUT
25.98,908,5.38,FERMENTASI_AWAL
28.6,1744,3.94,MATANG
29.62,622,6.04,BELUM_FERMENTASI
26.94,697,6.16,BELUM_FERMENTASI
30.04,1539,4.08,FERMENTASI_AKTIF
31.35,1132,4.13,FERMENTASI_AKTIF
29.45,1540,3.67,MATANG
28.38,1689,4.26,FERMENTASI_AKTIF
25.25,1691,4.33,FERMENTASI_AKTIF
26.22,1850,3.46,MATANG
25.77,679,7.26,BELUM_FERMENTASI
30.4,1859,4.23,FERMENTASI_AKTIF
26.82,2283,4.86,FERMENTASI_AKTIF
27.24,2031,3.92,MATANG
31.19,1295,4.47,FERMENTASI_LANJUT
25.89,588,5.62,FERMENTASI_AWAL
27.87,654,7.05,BELUM_FERMENTASI
25.35,807,6.31,BELUM_FERMENTASI
26.93,1157,5.73,FERMENTASI_AWAL
29.01,2222,3.65,FERMENTASI_LANJUT
28.27,1532,3.66,FERMENTASI_LANJUT
28.41,2017,3.24,MATANG
24.29,2029,3.62,MATANG
28.45,1138,5.4,FERMENTASI_AWAL
25.52,2049,3.74,MATANG
28.67,2063,4.77,FERMENTASI_AKTIF
29.36,1303,5.64,FERMENTASI_AWAL
26.55,872,6.77,BELUM_FERMENTASI
31.38,1050,4.36,FERMENTASI_AKTIF
29.49,1898,4.56,FERMENTASI_AKTIF
26.61,468,6.75,BELUM_FERMENTASI
24.99,1616,3.79,FERMENTASI_LANJUT
25.55,1377,3.93,FERMENTASI_AKTIF
28.11,1708,3.0,MATANG
26.14,1178,5.47,FERMENTASI_AWAL
25.46,1860,3.7,FERMENTASI_LANJUT
26.58,879,5.62,FERMENTASI_AWAL
30.79,2607,4.26,FERMENTASI_LANJUT
29.37,1481,4.3,FERMENTASI_AKTIF
27.91,1435,4.05,FERMENTASI_LANJUT
24.42,1395,4.05,FERMENTASI_LANJUT
30.26,1641,5.16,FERMENTASI_AKTIF
26.97,1152,3.22,MATANG
25.31,517,6.04,BELUM_FERMENTASI
25.72,928,5.23,FERMENTASI_AWAL
28.73,1720,4.02,FERMENTASI_LANJUT
27.57,763,7.13,BELUM_FERMENTASI
25.5,570,6.49,BELUM_FERMENTASI
24.51,2418,3.48,FERMENTASI_LANJUT
26.61,835,5.12,FERMENTASI_AWAL
27.58,2067,3.12,MATANG
28.79,1031,3.95,FERMENTASI_AKTIF
28.94,593,6.0,BELUM_FERMENTASI
29.31,608,6.42,BELUM_FERMENTASI
27.39,715,5.85,FERMENTASI_AWAL
25.84,1001,4.06,FERMENTASI_AKTIF
27.35,1189,4.52,FERMENTASI_AKTIF
25.35,1138,6.03,FERMENTASI_AWAL
29.63,2323,3.38,FERMENTASI_LANJUT
24.43,2202,2.97,MATANG
25.72,1065,5.29,FERMENTASI_AWAL
29.48,1311,3.97,FERMENTASI_LANJUT
28.26,926,5.65,FERMENTASI_AWAL
28.34,1721,3.81,FERMENTASI_LANJUT
31.21,1851,4.35,FERMENTASI_AKTIF
28.42,1215,3.94,FERMENTASI_AKTIF
31.3,1047,4.18,FERMENTASI_AKTIF
30.04,1627,3.72,FERMENTASI_LANJUT
29.66,1184,3.81,FERMENTASI_LANJUT
24.72,1986,4.75,FERMENTASI_AKTIF
29.71,1453,3.49,FERMENTASI_LANJUT
29.69,1202,5.9,FERMENTASI_AWAL
27.5,2571,3.29,FERMENTASI_LANJUT
24.9,537,6.15,BELUM_FERMENTASI
30.32,1563,4.71,FERMENTASI_AKTIF
26.92,1117,4.96,FERMENTASI_AKTIF
29.67,761,5.36,FERMENTASI_AWAL
29.68,1752,3.76,FERMENTASI_LANJUT
29.19,729,5.23,FERMENTASI_AWAL
29.13,1511,4.11,FERMENTASI_AKTIF
27.6,728,5.93,BELUM_FERMENTASI
25.93,1910,3.4,MATANG
25.5,2607,3.37,FERMENTASI_LANJUT
30.61,1230,6.15,FERMENTASI_AWAL
28.84,1310,3.92,FERMENTASI_AKTIF
27.68,1058,4.78,FERMENTASI_AKTIF
27.54,1820,3.86,FERMENTASI_LANJUT
26.63,720,7.23,BELUM_FERMENTASI
30.52,922,4.11,FERMENTASI_AKTIF
28.23,1559,5.0,FERMENTASI_AKTIF
28.81,1121,6.03,FERMENTASI_AWAL
29.2,1603,4.25,FERMENTASI_LANJUT
28.67,1450,3.9,FERMENTASI_AKTIF
24.84,500,6.84,BELUM_FERMENTASI
29.42,400,7.19,BELUM_FERMENTASI
27.88,785,6.06,FERMENTASI_AWAL
28.93,2148,3.77,MATANG
26.24,541,6.65,BELUM_FERMENTASI
27.79,1595,3.41,MATANG
30.98,1437,4.9,FERMENTASI_AKTIF
25.62,1362,3.57,MATANG
25.08,831,6.22,BELUM_FERMENTASI
30.36,1589,4.11,FERMENTASI_AKTIF
25.26,1075,3.44,MATANG
29.94,2150,4.56,FERMENTASI_AKTIF
27.54,1041,5.23,FERMENTASI_AWAL
30.68,433,6.35,BELUM_FERMENTASI
25.73,1310,5.13,FERMENTASI_AKTIF
30.41,904,4.95,FERMENTASI_AWAL
26.67,2225,3.88,FERMENTASI_LANJUT
28.43,1105,5.74,FERMENTASI_AWAL
25.24,2177,3.81,FERMENTASI_LANJUT
24.07,2088,3.1,MATANG
28.7,1216,5.75,FERMENTASI_AWAL
24.6,791,6.96,BELUM_FERMENTASI
26.0,2125,3.83,FERMENTASI_LANJUT
26.42,559,6.39,BELUM_FERMENTASI
29.69,2195,3.73,FERMENTASI_LANJUT
26.13,1596,4.05,FERMENTASI_AKTIF
24.54,1232,4.72,FERMENTASI_AKTIF
27.55,660,6.94,BELUM_FERMENTASI
30.11,1307,5.37,FERMENTASI_AWAL
26.3,640,5.87,FERMENTASI_AWAL
25.21,2039,3.08,MATANG
28.97,1294,3.5,MATANG
30.74,1123,5.98,FERMENTASI_AWAL
26.87,1703,3.72,FERMENTASI_LANJUT
28.27,1118,4.91,FERMENTASI_AKTIF
27.3,695,5.19,FERMENTASI_AWAL
27.17,1428,3.65,FERMENTASI_LANJUT
27.87,1037,4.49,FERMENTASI_AKTIF
29.95,486,6.35,BELUM_FERMENTASI
24.81,1667,3.79,FERMENTASI_LANJUT
25.84,1144,3.9,MATANG
28.58,712,5.75,FERMENTASI_AWAL
27.05,2193,4.11,FERMENTASI_AKTIF
28.94,1873,3.24,MATANG
30.47,415,5.22,FERMENTASI_AWAL
31.76,1635,5.26,FERMENTASI_AKTIF
25.39,1121,5.07,FERMENTASI_AWAL
29.56,1498,5.03,FERMENTASI_AKTIF
24.11,400,6.47,BELUM_FERMENTASI
27.55,1425,4.94,FERMENTASI_AKTIF
28.76,1461,5.06,FERMENTASI_AKTIF
25.36,879,5.96,FERMENTASI_AWAL
24.62,498,6.84,BELUM_FERMENTASI
25.25,905,5.77,FERMENTASI_AWAL
29.72,2100,3.99,FERMENTASI_LANJUT
29.9,2101,4.63,FERMENTASI_AKTIF
26.73,843,6.94,BELUM_FERMENTASI
27.62,2407,3.35,FERMENTASI_LANJUT
28.72,1372,6.19,FERMENTASI_AWAL
24.69,617,6.85,BELUM_FERMENTASI
26.65,400,6.1,BELUM_FERMENTASI
29.32,1902,3.86,FERMENTASI_LANJUT
30.38,852,5.72,FERMENTASI_AWAL
23.88,859,6.05,BELUM_FERMENTASI
25.33,980,5.27,FERMENTASI_AKTIF
27.35,400,6.62,BELUM_FERMENTASI
25.1,2063,4.81,FERMENTASI_AKTIF
25.62,756,5.56,FERMENTASI_AWAL
29.33,589,6.68,BELUM_FERMENTASI
30.97,1058,4.42,FERMENTASI_AKTIF
25.81,2557,4.02,FERMENTASI_LANJUT
29.83,1375,2.99,MATANG
31.24,2324,3.53,FERMENTASI_LANJUT
27.94,1743,3.15,MATANG
26.99,1750,4.81,FERMENTASI_AKTIF
26.82,2508,4.26,FERMENTASI_LANJUT
25.58,925,5.13,FERMENTASI_AKTIF
25.25,570,6.62,BELUM_FERMENTASI
29.61,2770,3.38,FERMENTASI_LANJUT
28.54,1060,5.11,FERMENTASI_AWAL
30.38,2266,3.98,FERMENTASI_LANJUT
28.46,564,6.53,BELUM_FERMENTASI
29.34,598,6.02,FERMENTASI_AWAL
26.45,718,6.58,BELUM_FERMENTASI
28.33,627,6.17,BELUM_FERMENTASI
25.76,613,5.35,FERMENTASI_AWAL
24.58,1678,3.33,MATANG
28.87,2172,4.67,FERMENTASI_AKTIF
26.61,1344,4.14,FERMENTASI_LANJUT
26.66,1281,3.96,FERMENTASI_LANJUT
24.32,1847,3.79,MATANG
30.69,1205,4.95,FERMENTASI_AKTIF
28.7,1691,4.02,FERMENTASI_AKTIF
25.31,1506,3.21,FERMENTASI_LANJUT
25.93,1197,4.36,FERMENTASI_AKTIF
29.61,2205,3.88,FERMENTASI_LANJUT
31.04,971,5.85,FERMENTASI_AWAL
27.52,2064,4.13,FERMENTASI_LANJUT
27.84,1657,4.77,FERMENTASI_AKTIF
30.52,1706,4.23,FERMENTASI_LANJUT
25.29,1855,4.79,FERMENTASI_AKTIF
25.73,1895,3.18,MATANG
25.53,2580,3.97,FERMENTASI_LANJUT
25.45,1665,3.31,FERMENTASI_LANJUT
29.94,2122,4.23,FERMENTASI_AKTIF
28.4,821,5.36,FERMENTASI_AWAL
29.13,1952,3.67,FERMENTASI_LANJUT
27.76,2085,4.9,FERMENTASI_AKTIF
30.29,1494,3.87,FERMENTASI_LANJUT
24.29,1658,3.59,FERMENTASI_LANJUT
28.04,624,6.82,BELUM_FERMENTASI
29.95,685,5.44,FERMENTASI_AWAL
26.79,1048,4.13,FERMENTASI_AKTIF
27.53,2038,4.94,FERMENTASI_AKTIF
28.17,1246,5.21,FERMENTASI_AWAL
28.68,1896,4.76,FERMENTASI_AKTIF
27.94,1011,4.38,FERMENTASI_AKTIF
30.6,2208,5.2,FERMENTASI_AKTIF
25.33,784,5.89,FERMENTASI_AWAL
29.08,806,5.77,FERMENTASI_AWAL
27.65,1183,4.87,FERMENTASI_AKTIF
29.01,1467,4.62,FERMENTASI_AKTIF
26.26,1720,4.9,FERMENTASI_AKTIF
31.31,1970,4.66,FERMENTASI_AKTIF
30.07,1687,4.01,MATANG
25.65,1662,4.73,FERMENTASI_AKTIF
29.55,1813,5.06,FERMENTASI_AKTIF
28.61,2198,5.03,FERMENTASI_AKTIF
27.55,2326,3.63,FERMENTASI_LANJUT
29.83,2619,3.38,FERMENTASI_LANJUT
25.64,1918,5.05,FERMENTASI_AKTIF
29.81,1640,3.68,MATANG
26.7,1327,3.11,MATANG
29.09,2535,3.87,FERMENTASI_LANJUT
25.27,2588,3.5,FERMENTASI_LANJUT
25.96,835,5.38,FERMENTASI_AWAL
27.41,872,5.74,FERMENTASI_AWAL
29.43,1523,4.28,FERMENTASI_AKTIF
29.52,1964,3.96,FERMENTASI_LANJUT
26.44,833,5.94,FERMENTASI_AWAL
26.98,913,6.37,FERMENTASI_AWAL
26.32,1006,5.54,FERMENTASI_AWAL
30.15,1711,4.93,FERMENTASI_AKTIF
28.29,1395,4.65,FERMENTASI_AKTIF
30.77,2663,4.04,FERMENTASI_LANJUT
28.71,1087,4.54,FERMENTASI_AKTIF
26.54,1253,5.22,FERMENTASI_AWAL
31.61,1915,4.35,FERMENTASI_AKTIF
27.92,1161,5.6,FERMENTASI_AWAL
27.65,1017,3.97,FERMENTASI_AKTIF
28.21,2367,4.07,FERMENTASI_LANJUT
28.94,1196,5.16,FERMENTASI_AWAL
26.6,1915,3.77,MATANG
31.55,1880,4.04,FERMENTASI_AKTIF
25.96,745,5.76,FERMENTASI_AWAL
26.97,1991,3.72,FERMENTASI_LANJUT
28.5,797,6.9,BELUM_FERMENTASI
27.63,1747,5.22,FERMENTASI_AKTIF
26.7,724,5.47,FERMENTASI_AWAL
26.2,2227,5.0,FERMENTASI_AKTIF
30.58,850,5.78,FERMENTASI_AWAL
27.79,1197,5.21,FERMENTASI_AWAL
26.67,2432,3.75,FERMENTASI_LANJUT
28.94,2817,4.15,FERMENTASI_LANJUT
27.88,1016,4.63,FERMENTASI_AKTIF
28.04,1240,5.33,FERMENTASI_AWAL
27.99,2290,3.97,FERMENTASI_LANJUT
27.97,2075,4.64,FERMENTASI_AKTIF
27.18,959,6.34,BELUM_FERMENTASI
24.7,548,6.71,BELUM_FERMENTASI
27.16,813,6.07,FERMENTASI_AWAL
25.7,934,5.11,FERMENTASI_AWAL
24.15,666,6.44,BELUM_FERMENTASI
28.03,602,5.0,FERMENTASI_AWAL
27.72,2062,4.07,FERMENTASI_LANJUT
31.33,1329,5.11,FERMENTASI_AKTIF
27.07,2020,4.85,FERMENTASI_AKTIF
26.97,2291,3.46,FERMENTASI_LANJUT
30.8,1184,5.16,FERMENTASI_AWAL
28.86,2372,3.56,MATANG
25.63,799,5.09,FERMENTASI_AWAL
27.67,2553,4.0,FERMENTASI_LANJUT
25.46,1401,4.21,FERMENTASI_AKTIF
24.89,1976,3.98,FERMENTASI_LANJUT
27.28,781,5.13,FERMENTASI_AWAL
30.73,1052,5.23,FERMENTASI_AWAL
27.86,875,6.14,BELUM_FERMENTASI
30.48,1018,5.83,FERMENTASI_AWAL
28.67,2607,3.55,FERMENTASI_LANJUT
27.08,2120,3.61,FERMENTASI_LANJUT
27.8,1184,5.91,FERMENTASI_AWAL
29.66,1219,6.11,FERMENTASI_AWAL
31.16,1730,4.82,FERMENTASI_AKTIF
29.99,1633,4.25,FERMENTASI_AKTIF
30.47,1084,5.16,FERMENTASI_AKTIF
28.09,832,5.03,FERMENTASI_AWAL
29.59,815,6.82,BELUM_FERMENTASI
26.17,690,6.61,BELUM_FERMENTASI
31.52,1244,4.88,FERMENTASI_AKTIF
25.03,726,6.6,BELUM_FERMENTASI
30.7,1681,5.07,FERMENTASI_AKTIF
25.28,451,6.24,BELUM_FERMENTASI
25.29,2083,3.86,FERMENTASI_LANJUT
25.77,1728,4.01,FERMENTASI_LANJUT
29.14,866,6.49,BELUM_FERMENTASI
28.75,400,6.71,BELUM_FERMENTASI
26.15,1158,5.56,FERMENTASI_AWAL
28.54,2841,3.3,FERMENTASI_LANJUT
26.11,599,6.19,BELUM_FERMENTASI
25.09,659,5.94,FERMENTASI_AWAL
30.81,1602,3.73,FERMENTASI_LANJUT
31.22,1683,4.14,FERMENTASI_AKTIF
31.5,1051,4.94,FERMENTASI_AKTIF
30.82,1366,4.59,FERMENTASI_AKTIF
28.17,716,5.49,FERMENTASI_AWAL
28.7,1713,4.12,FERMENTASI_AKTIF
26.54,1613,4.32,FERMENTASI_AKTIF
30.65,942,5.44,FERMENTASI_AWAL
26.85,1552,3.72,MATANG
24.81,678,6.75,BELUM_FERMENTASI
30.73,2732,3.86,FERMENTASI_LANJUT
29.42,849,6.51,BELUM_FERMENTASI
28.13,1089,4.71,FERMENTASI_AKTIF
26.88,1059,4.44,FERMENTASI_AKTIF
28.03,767,5.24,FERMENTASI_AWAL
26.71,473,6.7,BELUM_FERMENTASI
27.14,588,6.02,BELUM_FERMENTASI
27.77,748,5.94,FERMENTASI_AWAL
23.68,683,6.28,BELUM_FERMENTASI
25.96,1030,5.33,FERMENTASI_AWAL
31.1,1430,4.44,FERMENTASI_AKTIF
27.19,923,6.09,FERMENTASI_AWAL
24.95,587,6.72,BELUM_FERMENTASI
30.36,1585,4.25,FERMENTASI_LANJUT
28.41,692,5.47,FERMENTASI_AWAL
26.84,1813,3.34,FERMENTASI_LANJUT
25.36,576,7.15,BELUM_FERMENTASI
29.74,2736,3.86,FERMENTASI_LANJUT
28.86,1068,4.38,FERMENTASI_AKTIF
28.84,1800,4.37,FERMENTASI_AKTIF
29.96,2568,3.86,FERMENTASI_LANJUT
26.46,1340,4.05,FERMENTASI_AKTIF
27.35,890,5.8,FERMENTASI_AWAL
25.82,1655,3.16,MATANG
26.81,832,5.83,FERMENTASI_AWAL
28.2,1568,3.65,MATANG
26.85,682,6.06,BELUM_FERMENTASI
29.45,1322,4.06,FERMENTASI_AKTIF
27.12,523,7.08,BELUM_FERMENTASI
28.87,619,7.0,BELUM_FERMENTASI
27.92,1433,3.8,FERMENTASI_LANJUT
26.11,873,5.92,FERMENTASI_AWAL
28.24,1095,5.15,FERMENTASI_AWAL
27.9,592,5.22,FERMENTASI_AWAL
27.93,2520,3.82,FERMENTASI_LANJUT
25.79,1782,3.74,FERMENTASI_LANJUT
29.2,2455,3.89,FERMENTASI_LANJUT
29.76,1838,4.21,FERMENTASI_AKTIF
26.19,816,5.92,FERMENTASI_AWAL
26.11,2054,5.06,FERMENTASI_AKTIF
25.26,1470,4.78,FERMENTASI_AKTIF
27.05,1500,4.38,FERMENTASI_AKTIF
31.35,1481,4.34,FERMENTASI_AKTIF
27.16,1359,3.31,MATANG
29.31,2194,4.13,FERMENTASI_LANJUT
28.29,1981,4.39,FERMENTASI_AKTIF
25.17,746,6.3,BELUM_FERMENTASI
29.88,400,6.57,BELUM_FERMENTASI
25.99,938,6.25,FERMENTASI_AWAL
29.47,756,5.22,FERMENTASI_AWAL
30.25,1213,5.03,FERMENTASI_AKTIF
30.03,1014,5.15,FERMENTASI_AKTIF
27.86,1840,3.71,MATANG
27.01,1571,3.93,FERMENTASI_AKTIF
26.63,580,6.72,BELUM_FERMENTASI
29.14,1949,4.17,FERMENTASI_AKTIF
28.65,734,5.14,FERMENTASI_AWAL
26.87,974,5.47,FERMENTASI_AWAL
27.91,1576,4.28,FERMENTASI_AKTIF
26.97,794,5.7,FERMENTASI_AWAL
29.97,472,7.09,BELUM_FERMENTASI
27.86,582,6.92,BELUM_FERMENTASI
24.77,533,6.37,BELUM_FERMENTASI
30.22,1112,5.62,FERMENTASI_AWAL
24.73,734,7.28,BELUM_FERMENTASI
29.63,1135,4.36,FERMENTASI_AKTIF
25.86,763,7.03,BELUM_FERMENTASI
26.99,553,5.2,FERMENTASI_AWAL
28.66,622,6.9,BELUM_FERMENTASI
28.02,622,5.61,FERMENTASI_AWAL
27.08,2686,3.75,FERMENTASI_LANJUT
30.24,1350,3.76,FERMENTASI_LANJUT
26.86,1786,4.66,FERMENTASI_AKTIF
28.42,2099,3.81,FERMENTASI_LANJUT
28.93,893,5.82,FERMENTASI_AWAL
26.84,1580,4.27,FERMENTASI_AKTIF
29.92,2618,3.76,FERMENTASI_LANJUT
25.57,2071,3.2,MATANG
27.6,906,5.24,FERMENTASI_AWAL
29.38,1189,3.22,MATANG
25.58,1167,5.38,FERMENTASI_AWAL
29.36,1922,4.44,FERMENTASI_AKTIF
24.73,663,6.17,BELUM_FERMENTASI
26.22,1961,3.36,FERMENTASI_LANJUT
25.56,1994,5.03,FERMENTASI_AKTIF
26.21,1116,5.13,FERMENTASI_AWAL
27.42,1616,4.09,FERMENTASI_AKTIF
26.3,2751,4.13,FERMENTASI_LANJUT
26.59,769,5.81,FERMENTASI_AWAL
28.28,1371,4.16,FERMENTASI_AKTIF
29.08,1263,5.52,FERMENTASI_AWAL
29.96,2716,4.05,FERMENTASI_LANJUT
25.4,1194,5.1,FERMENTASI_AWAL
30.54,1364,6.1,FERMENTASI_AWAL
30.12,400,6.6,BELUM_FERMENTASI
24.69,799,6.51,BELUM_FERMENTASI
26.01,1111,5.06,FERMENTASI_AKTIF
28.95,987,6.07,FERMENTASI_AWAL
28.06,1653,4.92,FERMENTASI_AKTIF
27.91,737,6.29,BELUM_FERMENTASI
27.2,932,4.66,FERMENTASI_AKTIF
28.76,1829,4.98,FERMENTASI_AKTIF
29.86,591,7.32,BELUM_FERMENTASI
27.69,1069,5.31,FERMENTASI_AWAL
25.3,1226,5.17,FERMENTASI_AKTIF
28.65,1930,3.58,FERMENTASI_LANJUT
25.7,732,6.6,BELUM_FERMENTASI
29.21,1150,5.87,FERMENTASI_AWAL
26.53,1632,5.13,FERMENTASI_AKTIF
28.66,2041,4.09,FERMENTASI_LANJUT
27.66,613,6.27,BELUM_FERMENTASI
27.95,1750,3.68,FERMENTASI_LANJUT
26.37,1089,6.17,FERMENTASI_AWAL
28.57,1582,4.34,FERMENTASI_AKTIF
29.25,2248,4.48,FERMENTASI_AKTIF
26.57,676,6.57,BELUM_FERMENTASI
25.85,792,4.07,FERMENTASI_AKTIF
29.54,743,6.73,BELUM_FERMENTASI
26.29,1581,5.0,FERMENTASI_AKTIF
27.01,984,5.56,FERMENTASI_AWAL
25.69,400,6.82,BELUM_FERMENTASI
29.62,1699,4.28,FERMENTASI_LANJUT
28.31,1664,4.53,FERMENTASI_AKTIF
24.52,1506,3.99,FERMENTASI_LANJUT
28.45,938,4.66,FERMENTASI_AKTIF
26.08,1861,4.08,FERMENTASI_AKTIF
31.75,1520,5.16,FERMENTASI_AKTIF
27.96,882,5.11,FERMENTASI_AWAL
26.51,1584,4.09,FERMENTASI_AKTIF
29.02,2054,4.35,FERMENTASI_AKTIF